E415_C6065_PTCTRL/LPHD1$ST$PhyHealth$stVal,1:정상3:비정상
E415_C6065_PTCTRL/COMMGGIO2$ST$Ind1$stVal,0:비정상1:정상
E415_C6065_PTCTRL/COMMGGIO2$ST$Ind2$stVal,0:비정상1:정상
E415_C6065_PTCTRL/Q91XSWI4$ST$Pos$stVal,0:동작중1:열림2:닫힘3:비정상
E415_C6065_PTCTRL/Q92XSWI5$ST$Pos$stVal,0:동작중1:열림2:닫힘3:비정상
E415_C6065_PTCTRL/B1PTSIMG11$ST$PresAlm$stVal,0:복귀1:동작
E415_C6065_PTCTRL/B1PTSIMG13$ST$PresAlm$stVal,0:복귀1:동작
E415_C6065_PTCTRL/B2PTSIMG12$ST$PresAlm$stVal,0:복귀1:동작
E415_C6065_PTCTRL/B2PTSIMG14$ST$PresAlm$stVal,0:복귀1:동작
E415_C6065_PTCTRL/B1SIMG17$ST$PresAlm$stVal,0:복귀1:동작
E415_C6065_PTCTRL/B1SIMG19$ST$PresAlm$stVal,0:복귀1:동작
E415_C6065_PTCTRL/B2SIMG18$ST$PresAlm$stVal,0:복귀1:동작
E415_C6065_PTCTRL/B2SIMG20$ST$PresAlm$stVal,0:복귀1:동작
E415_C6065_PTPROT/x81PTRC1$ST$Tr$general,0:복귀1:동작
E415_C6065_PTPROT/x81PTRC2$ST$Tr$general,0:복귀1:동작
E415_C6065_PTPROT/x81PTRC3$ST$Tr$general,0:복귀1:동작
E415_C6065_PTPROT/x81PTRC4$ST$Tr$general,0:복귀1:동작
E415_C6065_PTPROT/x81PTRC5$ST$Tr$general,0:복귀1:동작
E415_C6065_PTPROT/x81PTRC6$ST$Tr$general,0:복귀1:동작
E415_C6065_PTPROT/x81PTRC7$ST$Tr$general,0:복귀1:동작
E415_C6065_PTCTRL/x81CGGIO10$ST$SPCSO1$stVal,0:정지1:운전
E415_C6065_PTCTRL/x81CGGIO10$ST$SPCSO2$stVal,0:정지1:운전
E415_C6065_PTCTRL/x81CGGIO10$ST$SPCSO3$stVal,0:정지1:운전
E415_C6065_PTCTRL/x81CGGIO10$ST$SPCSO4$stVal,0:정지1:운전
E415_C6065_PTCTRL/x81CGGIO10$ST$SPCSO5$stVal,0:정지1:운전
E415_C6065_PTCTRL/x81CGGIO10$ST$SPCSO6$stVal,0:정지1:운전
E415_C6065_PTCTRL/x81CGGIO10$ST$SPCSO7$stVal,0:정지1:운전
E415_C6065_PTCTRL/VSTSGGIO6$ST$Ind16$stVal,0:복귀1:동작
E415_C6065_PTCTRL/VSTSGGIO6$ST$Ind17$stVal,0:복귀1:동작
E415_C6065_PTPROT/BUSGGIO8$ST$Alm1$stVal,0:사선1:활선
E415_C6065_PTCTRL/VSTSGGIO6$ST$Ind24$stVal,0:복귀1:동작
E415_C6065_PTCTRL/VSTSGGIO6$ST$Ind25$stVal,0:복귀1:동작
E415_C6065_PTCTRL/VSTSGGIO6$ST$Ind26$stVal,0:복귀1:동작
E415_C6065_PTPROT/BUSGGIO8$ST$Alm5$stVal,0:사선1:활선
E415_C6065_PTCTRL/VSTSGGIO6$ST$Ind27$stVal,0:복귀1:동작
E415_C6065_PTCTRL/VSTSGGIO6$ST$Ind28$stVal,0:복귀1:동작
E415_C6065_PTCTRL/VSTSGGIO6$ST$Ind29$stVal,0:복귀1:동작
E415_C6065_PTCTRL/VSTSGGIO6$ST$Ind54$stVal,0:복귀1:동작
E415_C6065_PTCTRL/VSTSGGIO6$ST$Ind53$stVal,0:복귀1:동작
E415_C6065_PTPROT/RDRE1$ST$RcdMade$stVal,0:복귀1:동작
E415_C6065_PTCTRL/GOSFGGIO11$ST$Ind1$stVal,0:복귀1:동작
E415_C6065_PTCTRL/VSTSGGIO6$ST$Ind59$stVal,0:복귀1:동작
E415_C6065_PTCTRL/VSTSGGIO6$ST$Ind64$stVal,0:동작1:해제
E415_C6065_PTCTRL/LLN0$ST$Loc$stVal,0:복귀1:동작
E415_C6065_PTCTRL/VSTSGGIO6$ST$Ind30$stVal,0:복귀1:동작
E415_C6065_PTCTRL/VSTSGGIO6$ST$Ind31$stVal,0:복귀1:동작
E415_C6065_PTCTRL/VSTSGGIO6$ST$Ind32$stVal,0:복귀1:동작
E415_C6065_PTCTRL/VSTSGGIO6$ST$Ind33$stVal,0:복귀1:동작
E415_C6065_PTCTRL/VSTSGGIO6$ST$Ind34$stVal,0:복귀1:동작
E415_C6065_PTCTRL/VSTSGGIO6$ST$Ind35$stVal,0:복귀1:동작
E415_C6065_PTCTRL/Q91CILO5$ST$EnaCls$stVal,0:복귀1:동작
E415_C6065_PTCTRL/Q92CILO6$ST$EnaCls$stVal,0:복귀1:동작
E415_C6166_PTCTRL/LPHD1$ST$PhyHealth$stVal,1:정상3:비정상
E415_C6166_PTCTRL/COMMGGIO2$ST$Ind1$stVal,0:비정상1:정상
E415_C6166_PTCTRL/COMMGGIO2$ST$Ind2$stVal,0:비정상1:정상
E415_C6166_PTCTRL/Q91XSWI4$ST$Pos$stVal,0:동작중1:열림2:닫힘3:비정상
E415_C6166_PTCTRL/Q92XSWI5$ST$Pos$stVal,0:동작중1:열림2:닫힘3:비정상
E415_C6166_PTCTRL/B1PTSIMG11$ST$PresAlm$stVal,0:복귀1:동작
E415_C6166_PTCTRL/B1PTSIMG13$ST$PresAlm$stVal,0:복귀1:동작
E415_C6166_PTCTRL/B2PTSIMG12$ST$PresAlm$stVal,0:복귀1:동작
E415_C6166_PTCTRL/B2PTSIMG14$ST$PresAlm$stVal,0:복귀1:동작
E415_C6166_PTCTRL/B1SIMG17$ST$PresAlm$stVal,0:복귀1:동작
E415_C6166_PTCTRL/B1SIMG19$ST$PresAlm$stVal,0:복귀1:동작
E415_C6166_PTCTRL/B2SIMG18$ST$PresAlm$stVal,0:복귀1:동작
E415_C6166_PTCTRL/B2SIMG20$ST$PresAlm$stVal,0:복귀1:동작
E415_C6166_PTPROT/x81PTRC1$ST$Tr$general,0:복귀1:동작
E415_C6166_PTPROT/x81PTRC2$ST$Tr$general,0:복귀1:동작
E415_C6166_PTPROT/x81PTRC3$ST$Tr$general,0:복귀1:동작
E415_C6166_PTPROT/x81PTRC4$ST$Tr$general,0:복귀1:동작
E415_C6166_PTPROT/x81PTRC5$ST$Tr$general,0:복귀1:동작
E415_C6166_PTPROT/x81PTRC6$ST$Tr$general,0:복귀1:동작
E415_C6166_PTPROT/x81PTRC7$ST$Tr$general,0:복귀1:동작
E415_C6166_PTCTRL/x81CGGIO10$ST$SPCSO1$stVal,0:정지1:운전
E415_C6166_PTCTRL/x81CGGIO10$ST$SPCSO2$stVal,0:정지1:운전
E415_C6166_PTCTRL/x81CGGIO10$ST$SPCSO3$stVal,0:정지1:운전
E415_C6166_PTCTRL/x81CGGIO10$ST$SPCSO4$stVal,0:정지1:운전
E415_C6166_PTCTRL/x81CGGIO10$ST$SPCSO5$stVal,0:정지1:운전
E415_C6166_PTCTRL/x81CGGIO10$ST$SPCSO6$stVal,0:정지1:운전
E415_C6166_PTCTRL/x81CGGIO10$ST$SPCSO7$stVal,0:정지1:운전
E415_C6166_PTCTRL/VSTSGGIO6$ST$Ind16$stVal,0:복귀1:동작
E415_C6166_PTCTRL/VSTSGGIO6$ST$Ind17$stVal,0:복귀1:동작
E415_C6166_PTPROT/BUSGGIO8$ST$Alm1$stVal,0:사선1:활선
E415_C6166_PTCTRL/VSTSGGIO6$ST$Ind24$stVal,0:복귀1:동작
E415_C6166_PTCTRL/VSTSGGIO6$ST$Ind25$stVal,0:복귀1:동작
E415_C6166_PTCTRL/VSTSGGIO6$ST$Ind26$stVal,0:복귀1:동작
E415_C6166_PTPROT/BUSGGIO8$ST$Alm5$stVal,0:사선1:활선
E415_C6166_PTCTRL/VSTSGGIO6$ST$Ind27$stVal,0:복귀1:동작
E415_C6166_PTCTRL/VSTSGGIO6$ST$Ind28$stVal,0:복귀1:동작
E415_C6166_PTCTRL/VSTSGGIO6$ST$Ind29$stVal,0:복귀1:동작
E415_C6166_PTCTRL/VSTSGGIO6$ST$Ind54$stVal,0:복귀1:동작
E415_C6166_PTCTRL/VSTSGGIO6$ST$Ind53$stVal,0:복귀1:동작
E415_C6166_PTPROT/RDRE1$ST$RcdMade$stVal,0:복귀1:동작
E415_C6166_PTCTRL/GOSFGGIO11$ST$Ind1$stVal,0:복귀1:동작
E415_C6166_PTCTRL/VSTSGGIO6$ST$Ind59$stVal,0:복귀1:동작
E415_C6166_PTCTRL/VSTSGGIO6$ST$Ind64$stVal,0:동작1:해제
E415_C6166_PTCTRL/LLN0$ST$Loc$stVal,0:복귀1:동작
E415_C6166_PTCTRL/VSTSGGIO6$ST$Ind30$stVal,0:복귀1:동작
E415_C6166_PTCTRL/VSTSGGIO6$ST$Ind31$stVal,0:복귀1:동작
E415_C6166_PTCTRL/VSTSGGIO6$ST$Ind32$stVal,0:복귀1:동작
E415_C6166_PTCTRL/VSTSGGIO6$ST$Ind33$stVal,0:복귀1:동작
E415_C6166_PTCTRL/VSTSGGIO6$ST$Ind34$stVal,0:복귀1:동작
E415_C6166_PTCTRL/VSTSGGIO6$ST$Ind35$stVal,0:복귀1:동작
E415_C6166_PTCTRL/Q91CILO5$ST$EnaCls$stVal,0:복귀1:동작
E415_C6166_PTCTRL/Q92CILO6$ST$EnaCls$stVal,0:복귀1:동작
E415_C6100CTRL/LPHD1$ST$PhyHealth$stVal,1:정상3:비정상
E415_C6100CTRL/COMMGGIO2$ST$Ind1$stVal,0:비정상1:정상
E415_C6100CTRL/COMMGGIO2$ST$Ind2$stVal,0:비정상1:정상
E415_C6100CTRL/LLN0$ST$Loc$stVal,0:Remote1:Local
E415_C6100CTRL/Q0XCBR1$ST$Pos$stVal,0:동작중1:열림2:닫힘3:비정상
E415_C6100CTRL/Q1XSWI1$ST$Pos$stVal,0:동작중1:열림2:닫힘3:비정상
E415_C6100CTRL/Q2XSWI2$ST$Pos$stVal,0:동작중1:열림2:닫힘3:비정상
E415_C6100CTRL/Q91XSWI4$ST$Pos$stVal,0:동작중1:열림2:닫힘3:비정상
E415_C6100CTRL/Q92XSWI5$ST$Pos$stVal,0:동작중1:열림2:닫힘3:비정상
E415_C6100CTRL/Q0CILO1$ST$EnaOpn$stVal,0:잠김1:해제
E415_C6100CTRL/Q0CILO1$ST$EnaCls$stVal,0:잠김1:해제
E415_C6100CTRL/Q1CILO2$ST$EnaOpn$stVal,0:잠김1:해제
E415_C6100CTRL/Q1CILO2$ST$EnaCls$stVal,0:잠김1:해제
E415_C6100CTRL/Q2CILO3$ST$EnaOpn$stVal,0:잠김1:해제
E415_C6100CTRL/Q2CILO3$ST$EnaCls$stVal,0:잠김1:해제
E415_C6100CTRL/Q91CILO5$ST$EnaOpn$stVal,0:잠김1:해제
E415_C6100CTRL/Q91CILO5$ST$EnaCls$stVal,0:잠김1:해제
E415_C6100CTRL/Q92CILO6$ST$EnaOpn$stVal,0:잠김1:해제
E415_C6100CTRL/Q92CILO6$ST$EnaCls$stVal,0:잠김1:해제
E415_C6100CTRL/VSTSGGIO6$ST$Ind54$stVal,0:복귀1:동작
E415_C6100CTRL/VSTSGGIO6$ST$Ind53$stVal,0:복귀1:동작
E415_C6100CTRL/GOSFGGIO11$ST$Ind1$stVal,0:복귀1:동작
E415_C6100CTRL/VSTSGGIO6$ST$Ind59$stVal,0:복귀1:동작
E415_C6100CTRL/VSTSGGIO6$ST$Ind64$stVal,0:동작1:해제
E415_C6100CTRL/Q0SIMG1$ST$PresAlm$stVal,0:복귀1:동작
E415_C6100CTRL/Q0SIMG6$ST$PresAlm$stVal,0:복귀1:동작
E415_C6100CTRL/Q1SIMG2$ST$PresAlm$stVal,0:복귀1:동작
E415_C6100CTRL/Q1SIMG7$ST$PresAlm$stVal,0:복귀1:동작
E415_C6100CTRL/Q2SIMG3$ST$PresAlm$stVal,0:복귀1:동작
E415_C6100CTRL/Q2SIMG8$ST$PresAlm$stVal,0:복귀1:동작
E415_C6100CTRL/Q1PHSIMG15$ST$PresAlm$stVal,0:복귀1:동작
E415_C6100CTRL/Q2PHSIMG16$ST$PresAlm$stVal,0:복귀1:동작
E415_C6100CTRL/VSTSGGIO6$ST$Ind45$stVal,0:복귀1:동작
E415_C6100CTRL/EXTDIGGIO7$ST$Ind28$stVal,0:복귀1:동작
E415_C6100CTRL/EXTDIGGIO7$ST$Ind29$stVal,0:복귀1:동작
E415_C6100CTRL/EXTDIGGIO7$ST$Ind25$stVal,0:복귀1:동작
E415_C6100CTRL/EXTDIGGIO7$ST$Ind26$stVal,0:복귀1:동작
E415_C6100CTRL/EXTDIGGIO7$ST$Ind53$stVal,0:복귀1:동작
E415_C6100CTRL/EXTDIGGIO7$ST$Ind31$stVal,"0:복귀,1:동작"
E415_C6200CTRL/LPHD1$ST$PhyHealth$stVal,1:정상3:비정상
E415_C6200CTRL/COMMGGIO2$ST$Ind1$stVal,0:비정상1:정상
E415_C6200CTRL/COMMGGIO2$ST$Ind2$stVal,0:비정상1:정상
E415_C6200CTRL/LLN0$ST$Loc$stVal,0:Remote1:Local
E415_C6200CTRL/Q0XCBR1$ST$Pos$stVal,0:동작중1:열림2:닫힘3:비정상
E415_C6200CTRL/Q1XSWI1$ST$Pos$stVal,0:동작중1:열림2:닫힘3:비정상
E415_C6200CTRL/Q2XSWI2$ST$Pos$stVal,0:동작중1:열림2:닫힘3:비정상
E415_C6200CTRL/Q91XSWI4$ST$Pos$stVal,0:동작중1:열림2:닫힘3:비정상
E415_C6200CTRL/Q92XSWI5$ST$Pos$stVal,0:동작중1:열림2:닫힘3:비정상
E415_C6200CTRL/Q0CILO1$ST$EnaOpn$stVal,0:잠김1:해제
E415_C6200CTRL/Q0CILO1$ST$EnaCls$stVal,0:잠김1:해제
E415_C6200CTRL/Q1CILO2$ST$EnaOpn$stVal,0:잠김1:해제
E415_C6200CTRL/Q1CILO2$ST$EnaCls$stVal,0:잠김1:해제
E415_C6200CTRL/Q2CILO3$ST$EnaOpn$stVal,0:잠김1:해제
E415_C6200CTRL/Q2CILO3$ST$EnaCls$stVal,0:잠김1:해제
E415_C6200CTRL/Q91CILO5$ST$EnaOpn$stVal,0:잠김1:해제
E415_C6200CTRL/Q91CILO5$ST$EnaCls$stVal,0:잠김1:해제
E415_C6200CTRL/Q92CILO6$ST$EnaOpn$stVal,0:잠김1:해제
E415_C6200CTRL/Q92CILO6$ST$EnaCls$stVal,0:잠김1:해제
E415_C6200CTRL/VSTSGGIO6$ST$Ind54$stVal,0:복귀1:동작
E415_C6200CTRL/VSTSGGIO6$ST$Ind53$stVal,0:복귀1:동작
E415_C6200CTRL/GOSFGGIO11$ST$Ind1$stVal,0:복귀1:동작
E415_C6200CTRL/VSTSGGIO6$ST$Ind59$stVal,0:복귀1:동작
E415_C6200CTRL/VSTSGGIO6$ST$Ind64$stVal,0:동작1:해제
E415_C6200CTRL/Q0SIMG1$ST$PresAlm$stVal,0:복귀1:동작
E415_C6200CTRL/Q0SIMG6$ST$PresAlm$stVal,0:복귀1:동작
E415_C6200CTRL/Q1SIMG2$ST$PresAlm$stVal,0:복귀1:동작
E415_C6200CTRL/Q1SIMG7$ST$PresAlm$stVal,0:복귀1:동작
E415_C6200CTRL/Q2SIMG3$ST$PresAlm$stVal,0:복귀1:동작
E415_C6200CTRL/Q2SIMG8$ST$PresAlm$stVal,0:복귀1:동작
E415_C6200CTRL/Q1PHSIMG15$ST$PresAlm$stVal,0:복귀1:동작
E415_C6200CTRL/Q2PHSIMG16$ST$PresAlm$stVal,0:복귀1:동작
E415_C6200CTRL/VSTSGGIO6$ST$Ind45$stVal,0:복귀1:동작
E415_C6200CTRL/EXTDIGGIO7$ST$Ind28$stVal,0:복귀1:동작
E415_C6200CTRL/EXTDIGGIO7$ST$Ind29$stVal,0:복귀1:동작
E415_C6200CTRL/EXTDIGGIO7$ST$Ind25$stVal,0:복귀1:동작
E415_C6200CTRL/EXTDIGGIO7$ST$Ind26$stVal,0:복귀1:동작
E415_C6200CTRL/EXTDIGGIO7$ST$Ind53$stVal,0:복귀1:동작
E415_C6200CTRL/EXTDIGGIO7$ST$Ind31$stVal,"0:복귀,1:동작"
E415_C6061CTRL/LPHD1$ST$PhyHealth$stVal,1:정상3:비정상
E415_C6061CTRL/COMMGGIO2$ST$Ind1$stVal,0:비정상1:정상
E415_C6061CTRL/COMMGGIO2$ST$Ind2$stVal,0:비정상1:정상
E415_C6061CTRL/LLN0$ST$Loc$stVal,0:Remote1:Local
E415_C6061CTRL/Q0XCBR1$ST$Pos$stVal,0:동작중1:열림2:닫힘3:비정상
E415_C6061CTRL/Q1XSWI1$ST$Pos$stVal,0:동작중1:열림2:닫힘3:비정상
E415_C6061CTRL/Q2XSWI2$ST$Pos$stVal,0:동작중1:열림2:닫힘3:비정상
E415_C6061CTRL/Q91XSWI4$ST$Pos$stVal,0:동작중1:열림2:닫힘3:비정상
E415_C6061CTRL/Q92XSWI5$ST$Pos$stVal,0:동작중1:열림2:닫힘3:비정상
E415_C6061CTRL/Q0CILO1$ST$EnaOpn$stVal,0:잠김1:해제
E415_C6061CTRL/Q0CILO1$ST$EnaCls$stVal,0:잠김1:해제
E415_C6061CTRL/Q1CILO2$ST$EnaOpn$stVal,0:잠김1:해제
E415_C6061CTRL/Q1CILO2$ST$EnaCls$stVal,0:잠김1:해제
E415_C6061CTRL/Q2CILO3$ST$EnaOpn$stVal,0:잠김1:해제
E415_C6061CTRL/Q2CILO3$ST$EnaCls$stVal,0:잠김1:해제
E415_C6061CTRL/Q91CILO5$ST$EnaOpn$stVal,0:잠김1:해제
E415_C6061CTRL/Q91CILO5$ST$EnaCls$stVal,0:잠김1:해제
E415_C6061CTRL/Q92CILO6$ST$EnaOpn$stVal,0:잠김1:해제
E415_C6061CTRL/Q92CILO6$ST$EnaCls$stVal,0:잠김1:해제
E415_C6061CTRL/VSTSGGIO6$ST$Ind54$stVal,0:복귀1:동작
E415_C6061CTRL/VSTSGGIO6$ST$Ind53$stVal,0:복귀1:동작
E415_C6061CTRL/GOSFGGIO11$ST$Ind1$stVal,0:복귀1:동작
E415_C6061CTRL/VSTSGGIO6$ST$Ind59$stVal,0:복귀1:동작
E415_C6061CTRL/VSTSGGIO6$ST$Ind64$stVal,0:동작1:해제
E415_C6061CTRL/Q0SIMG1$ST$PresAlm$stVal,0:복귀1:동작
E415_C6061CTRL/Q0SIMG6$ST$PresAlm$stVal,0:복귀1:동작
E415_C6061CTRL/Q1SIMG2$ST$PresAlm$stVal,0:복귀1:동작
E415_C6061CTRL/Q1SIMG7$ST$PresAlm$stVal,0:복귀1:동작
E415_C6061CTRL/Q2SIMG3$ST$PresAlm$stVal,0:복귀1:동작
E415_C6061CTRL/Q2SIMG8$ST$PresAlm$stVal,0:복귀1:동작
E415_C6061CTRL/Q1PHSIMG15$ST$PresAlm$stVal,0:복귀1:동작
E415_C6061CTRL/Q2PHSIMG16$ST$PresAlm$stVal,0:복귀1:동작
E415_C6061CTRL/VSTSGGIO6$ST$Ind45$stVal,0:복귀1:동작
E415_C6061CTRL/EXTDIGGIO7$ST$Ind28$stVal,0:복귀1:동작
E415_C6061CTRL/EXTDIGGIO7$ST$Ind29$stVal,0:복귀1:동작
E415_C6061CTRL/EXTDIGGIO7$ST$Ind25$stVal,0:복귀1:동작
E415_C6061CTRL/EXTDIGGIO7$ST$Ind26$stVal,0:복귀1:동작
E415_C6061CTRL/EXTDIGGIO7$ST$Ind53$stVal,0:복귀1:동작
E415_C6061CTRL/EXTDIGGIO7$ST$Ind31$stVal,"0:복귀,1:동작"
E415_C6566CTRL/LPHD1$ST$PhyHealth$stVal,1:정상3:비정상
E415_C6566CTRL/COMMGGIO2$ST$Ind1$stVal,0:비정상1:정상
E415_C6566CTRL/COMMGGIO2$ST$Ind2$stVal,0:비정상1:정상
E415_C6566CTRL/LLN0$ST$Loc$stVal,0:Remote1:Local
E415_C6566CTRL/Q0XCBR1$ST$Pos$stVal,0:동작중1:열림2:닫힘3:비정상
E415_C6566CTRL/Q1XSWI1$ST$Pos$stVal,0:동작중1:열림2:닫힘3:비정상
E415_C6566CTRL/Q2XSWI2$ST$Pos$stVal,0:동작중1:열림2:닫힘3:비정상
E415_C6566CTRL/Q91XSWI4$ST$Pos$stVal,0:동작중1:열림2:닫힘3:비정상
E415_C6566CTRL/Q92XSWI5$ST$Pos$stVal,0:동작중1:열림2:닫힘3:비정상
E415_C6566CTRL/Q0CILO1$ST$EnaOpn$stVal,0:잠김1:해제
E415_C6566CTRL/Q0CILO1$ST$EnaCls$stVal,0:잠김1:해제
E415_C6566CTRL/Q1CILO2$ST$EnaOpn$stVal,0:잠김1:해제
E415_C6566CTRL/Q1CILO2$ST$EnaCls$stVal,0:잠김1:해제
E415_C6566CTRL/Q2CILO3$ST$EnaOpn$stVal,0:잠김1:해제
E415_C6566CTRL/Q2CILO3$ST$EnaCls$stVal,0:잠김1:해제
E415_C6566CTRL/Q91CILO5$ST$EnaOpn$stVal,0:잠김1:해제
E415_C6566CTRL/Q91CILO5$ST$EnaCls$stVal,0:잠김1:해제
E415_C6566CTRL/Q92CILO6$ST$EnaOpn$stVal,0:잠김1:해제
E415_C6566CTRL/Q92CILO6$ST$EnaCls$stVal,0:잠김1:해제
E415_C6566CTRL/VSTSGGIO6$ST$Ind54$stVal,0:복귀1:동작
E415_C6566CTRL/VSTSGGIO6$ST$Ind53$stVal,0:복귀1:동작
E415_C6566CTRL/GOSFGGIO11$ST$Ind1$stVal,0:복귀1:동작
E415_C6566CTRL/VSTSGGIO6$ST$Ind59$stVal,0:복귀1:동작
E415_C6566CTRL/VSTSGGIO6$ST$Ind64$stVal,0:동작1:해제
E415_C6566CTRL/Q0SIMG1$ST$PresAlm$stVal,0:복귀1:동작
E415_C6566CTRL/Q0SIMG6$ST$PresAlm$stVal,0:복귀1:동작
E415_C6566CTRL/Q1SIMG2$ST$PresAlm$stVal,0:복귀1:동작
E415_C6566CTRL/Q1SIMG7$ST$PresAlm$stVal,0:복귀1:동작
E415_C6566CTRL/Q2SIMG3$ST$PresAlm$stVal,0:복귀1:동작
E415_C6566CTRL/Q2SIMG8$ST$PresAlm$stVal,0:복귀1:동작
E415_C6566CTRL/Q1PHSIMG15$ST$PresAlm$stVal,0:복귀1:동작
E415_C6566CTRL/Q2PHSIMG16$ST$PresAlm$stVal,0:복귀1:동작
E415_C6566CTRL/VSTSGGIO6$ST$Ind45$stVal,0:복귀1:동작
E415_C6566CTRL/EXTDIGGIO7$ST$Ind28$stVal,0:복귀1:동작
E415_C6566CTRL/EXTDIGGIO7$ST$Ind29$stVal,0:복귀1:동작
E415_C6566CTRL/EXTDIGGIO7$ST$Ind25$stVal,0:복귀1:동작
E415_C6566CTRL/EXTDIGGIO7$ST$Ind26$stVal,0:복귀1:동작
E415_C6566CTRL/EXTDIGGIO7$ST$Ind53$stVal,0:복귀1:동작
E415_C6566CTRL/EXTDIGGIO7$ST$Ind31$stVal,"0:복귀,1:동작"
E415_C637CTRL/LPHD1$ST$PhyHealth$stVal,"3:비정상,1:정상"
E415_C637CTRL/COMMGGIO2$ST$Ind1$stVal,"0:비정상,1:정상"
E415_C637CTRL/COMMGGIO2$ST$Ind2$stVal,"0:비정상,1:정상"
E415_C637CTRL/LLN0$ST$Loc$stVal,"0:Remote,1:Local"
E415_C637CTRL/Q0XCBR1$ST$Pos$stVal,"0:동작중,1:열림,2:닫힘,3:비정상"
E415_C637CTRL/Q1XSWI1$ST$Pos$stVal,"0:동작중,1:열림,2:닫힘,3:비정상"
E415_C637CTRL/Q2XSWI2$ST$Pos$stVal,"0:동작중,1:열림,2:닫힘,3:비정상"
E415_C637CTRL/Q6XSWI3$ST$Pos$stVal,"0:동작중,1:열림,2:닫힘,3:비정상"
E415_C637CTRL/Q96XSWI6$ST$Pos$stVal,"0:동작중,1:열림,2:닫힘,3:비정상"
E415_C637CTRL/Q91XSWI4$ST$Pos$stVal,"0:동작중,1:열림,2:닫힘,3:비정상"
E415_C637CTRL/Q92XSWI5$ST$Pos$stVal,"0:동작중,1:열림,2:닫힘,3:비정상"
E415_C637CTRL/Q0CILO1$ST$EnaOpn$stVal,"0:잠김,1:해제"
E415_C637CTRL/Q0CILO1$ST$EnaCls$stVal,"0:잠김,1:해제"
E415_C637CTRL/Q1CILO2$ST$EnaOpn$stVal,"0:잠김,1:해제"
E415_C637CTRL/Q1CILO2$ST$EnaCls$stVal,"0:잠김,1:해제"
E415_C637CTRL/Q2CILO3$ST$EnaOpn$stVal,"0:잠김,1:해제"
E415_C637CTRL/Q2CILO3$ST$EnaCls$stVal,"0:잠김,1:해제"
E415_C637CTRL/Q91CILO5$ST$EnaOpn$stVal,"0:잠김,1:해제"
E415_C637CTRL/Q91CILO5$ST$EnaCls$stVal,"0:잠김,1:해제"
E415_C637CTRL/Q92CILO6$ST$EnaOpn$stVal,"0:잠김,1:해제"
E415_C637CTRL/Q92CILO6$ST$EnaCls$stVal,"0:잠김,1:해제"
E415_C637CTRL/Q6CILO4$ST$EnaOpn$stVal,"0:잠김,1:해제"
E415_C637CTRL/Q6CILO4$ST$EnaCls$stVal,"0:잠김,1:해제"
E415_C637CTRL/Q96CILO7$ST$EnaOpn$stVal,"0:잠김,1:해제"
E415_C637CTRL/Q96CILO7$ST$EnaCls$stVal,"0:잠김,1:해제"
E415_C637CTRL/VSTSGGIO6$ST$Ind54$stVal,"0:복귀,1:동작"
E415_C637CTRL/VSTSGGIO6$ST$Ind53$stVal,"0:복귀,1:동작"
E415_C637CTRL/GOSFGGIO11$ST$Ind1$stVal,"0:복귀,1:동작"
E415_C637CTRL/VSTSGGIO6$ST$Ind59$stVal,"0:복귀,1:동작"
E415_C637CTRL/VSTSGGIO6$ST$Ind64$stVal,"0:동작,1:해제"
E415_C637CTRL/Q0SIMG1$ST$PresAlm$stVal,"0:복귀,1:동작"
E415_C637CTRL/Q0SIMG6$ST$PresAlm$stVal,"0:복귀,1:동작"
E415_C637CTRL/Q1SIMG2$ST$PresAlm$stVal,"0:복귀,1:동작"
E415_C637CTRL/Q1SIMG7$ST$PresAlm$stVal,"0:복귀,1:동작"
E415_C637CTRL/Q2SIMG3$ST$PresAlm$stVal,"0:복귀,1:동작"
E415_C637CTRL/Q2SIMG8$ST$PresAlm$stVal,"0:복귀,1:동작"
E415_C637CTRL/Q6SIMG4$ST$PresAlm$stVal,"0:복귀,1:동작"
E415_C637CTRL/Q6SIMG9$ST$PresAlm$stVal,"0:복귀,1:동작"
E415_C637CTRL/Q1PHSIMG15$ST$PresAlm$stVal,"0:복귀,1:동작"
E415_C637CTRL/Q2PHSIMG16$ST$PresAlm$stVal,"0:복귀,1:동작"
E415_C637CTRL/VSTSGGIO6$ST$Ind45$stVal,"0:복귀,1:동작"
E415_C637CTRL/EXTDIGGIO7$ST$Ind28$stVal,"0:복귀,1:동작"
E415_C637CTRL/EXTDIGGIO7$ST$Ind29$stVal,"0:복귀,1:동작"
E415_C637CTRL/EXTDIGGIO7$ST$Ind25$stVal,"0:복귀,1:동작"
E415_C637CTRL/EXTDIGGIO7$ST$Ind26$stVal,"0:복귀,1:동작"
E415_C637CTRL/EXTDIGGIO7$ST$Ind27$stVal,"0:복귀,1:동작"
E415_C637CTRL/EXTDIGGIO7$ST$Ind53$stVal,"0:복귀,1:동작"
E415_C637CTRL/EXTDIGGIO7$ST$Ind22$stVal,"0:복귀,1:동작"
E415_C637CTRL/EXTDIGGIO7$ST$Ind23$stVal,"0:복귀,1:동작"
E415_C637CTRL/EXTDIGGIO7$ST$Ind31$stVal,"0:복귀,1:동작"
E415_C637CTRL/DOGGIO3$ST$Ind25$stVal,"0:복귀,1:동작"
E415_C647CTRL/LPHD1$ST$PhyHealth$stVal,"3:비정상,1:정상"
E415_C647CTRL/COMMGGIO2$ST$Ind1$stVal,"0:비정상,1:정상"
E415_C647CTRL/COMMGGIO2$ST$Ind2$stVal,"0:비정상,1:정상"
E415_C647CTRL/LLN0$ST$Loc$stVal,"0:Remote,1:Local"
E415_C647CTRL/Q0XCBR1$ST$Pos$stVal,"0:동작중,1:열림,2:닫힘,3:비정상"
E415_C647CTRL/Q1XSWI1$ST$Pos$stVal,"0:동작중,1:열림,2:닫힘,3:비정상"
E415_C647CTRL/Q2XSWI2$ST$Pos$stVal,"0:동작중,1:열림,2:닫힘,3:비정상"
E415_C647CTRL/Q6XSWI3$ST$Pos$stVal,"0:동작중,1:열림,2:닫힘,3:비정상"
E415_C647CTRL/Q96XSWI6$ST$Pos$stVal,"0:동작중,1:열림,2:닫힘,3:비정상"
E415_C647CTRL/Q91XSWI4$ST$Pos$stVal,"0:동작중,1:열림,2:닫힘,3:비정상"
E415_C647CTRL/Q92XSWI5$ST$Pos$stVal,"0:동작중,1:열림,2:닫힘,3:비정상"
E415_C647CTRL/Q0CILO1$ST$EnaOpn$stVal,"0:잠김,1:해제"
E415_C647CTRL/Q0CILO1$ST$EnaCls$stVal,"0:잠김,1:해제"
E415_C647CTRL/Q1CILO2$ST$EnaOpn$stVal,"0:잠김,1:해제"
E415_C647CTRL/Q1CILO2$ST$EnaCls$stVal,"0:잠김,1:해제"
E415_C647CTRL/Q2CILO3$ST$EnaOpn$stVal,"0:잠김,1:해제"
E415_C647CTRL/Q2CILO3$ST$EnaCls$stVal,"0:잠김,1:해제"
E415_C647CTRL/Q91CILO5$ST$EnaOpn$stVal,"0:잠김,1:해제"
E415_C647CTRL/Q91CILO5$ST$EnaCls$stVal,"0:잠김,1:해제"
E415_C647CTRL/Q92CILO6$ST$EnaOpn$stVal,"0:잠김,1:해제"
E415_C647CTRL/Q92CILO6$ST$EnaCls$stVal,"0:잠김,1:해제"
E415_C647CTRL/Q6CILO4$ST$EnaOpn$stVal,"0:잠김,1:해제"
E415_C647CTRL/Q6CILO4$ST$EnaCls$stVal,"0:잠김,1:해제"
E415_C647CTRL/Q96CILO7$ST$EnaOpn$stVal,"0:잠김,1:해제"
E415_C647CTRL/Q96CILO7$ST$EnaCls$stVal,"0:잠김,1:해제"
E415_C647CTRL/VSTSGGIO6$ST$Ind54$stVal,"0:복귀,1:동작"
E415_C647CTRL/VSTSGGIO6$ST$Ind53$stVal,"0:복귀,1:동작"
E415_C647CTRL/GOSFGGIO11$ST$Ind1$stVal,"0:복귀,1:동작"
E415_C647CTRL/VSTSGGIO6$ST$Ind59$stVal,"0:복귀,1:동작"
E415_C647CTRL/VSTSGGIO6$ST$Ind64$stVal,"0:동작,1:해제"
E415_C647CTRL/Q0SIMG1$ST$PresAlm$stVal,"0:복귀,1:동작"
E415_C647CTRL/Q0SIMG6$ST$PresAlm$stVal,"0:복귀,1:동작"
E415_C647CTRL/Q1SIMG2$ST$PresAlm$stVal,"0:복귀,1:동작"
E415_C647CTRL/Q1SIMG7$ST$PresAlm$stVal,"0:복귀,1:동작"
E415_C647CTRL/Q2SIMG3$ST$PresAlm$stVal,"0:복귀,1:동작"
E415_C647CTRL/Q2SIMG8$ST$PresAlm$stVal,"0:복귀,1:동작"
E415_C647CTRL/Q6SIMG4$ST$PresAlm$stVal,"0:복귀,1:동작"
E415_C647CTRL/Q6SIMG9$ST$PresAlm$stVal,"0:복귀,1:동작"
E415_C647CTRL/Q1PHSIMG15$ST$PresAlm$stVal,"0:복귀,1:동작"
E415_C647CTRL/Q2PHSIMG16$ST$PresAlm$stVal,"0:복귀,1:동작"
E415_C647CTRL/VSTSGGIO6$ST$Ind45$stVal,"0:복귀,1:동작"
E415_C647CTRL/EXTDIGGIO7$ST$Ind28$stVal,"0:복귀,1:동작"
E415_C647CTRL/EXTDIGGIO7$ST$Ind29$stVal,"0:복귀,1:동작"
E415_C647CTRL/EXTDIGGIO7$ST$Ind25$stVal,"0:복귀,1:동작"
E415_C647CTRL/EXTDIGGIO7$ST$Ind26$stVal,"0:복귀,1:동작"
E415_C647CTRL/EXTDIGGIO7$ST$Ind27$stVal,"0:복귀,1:동작"
E415_C647CTRL/EXTDIGGIO7$ST$Ind53$stVal,"0:복귀,1:동작"
E415_C647CTRL/EXTDIGGIO7$ST$Ind22$stVal,"0:복귀,1:동작"
E415_C647CTRL/EXTDIGGIO7$ST$Ind23$stVal,"0:복귀,1:동작"
E415_C647CTRL/EXTDIGGIO7$ST$Ind31$stVal,"0:복귀,1:동작"
E415_C647CTRL/DOGGIO3$ST$Ind25$stVal,"0:복귀,1:동작"
E415_C667CTRL/LPHD1$ST$PhyHealth$stVal,"3:비정상,1:정상"
E415_C667CTRL/COMMGGIO2$ST$Ind1$stVal,"0:비정상,1:정상"
E415_C667CTRL/COMMGGIO2$ST$Ind2$stVal,"0:비정상,1:정상"
E415_C667CTRL/LLN0$ST$Loc$stVal,"0:Remote,1:Local"
E415_C667CTRL/Q0XCBR1$ST$Pos$stVal,"0:동작중,1:열림,2:닫힘,3:비정상"
E415_C667CTRL/Q1XSWI1$ST$Pos$stVal,"0:동작중,1:열림,2:닫힘,3:비정상"
E415_C667CTRL/Q2XSWI2$ST$Pos$stVal,"0:동작중,1:열림,2:닫힘,3:비정상"
E415_C667CTRL/Q6XSWI3$ST$Pos$stVal,"0:동작중,1:열림,2:닫힘,3:비정상"
E415_C667CTRL/Q96XSWI6$ST$Pos$stVal,"0:동작중,1:열림,2:닫힘,3:비정상"
E415_C667CTRL/Q91XSWI4$ST$Pos$stVal,"0:동작중,1:열림,2:닫힘,3:비정상"
E415_C667CTRL/Q92XSWI5$ST$Pos$stVal,"0:동작중,1:열림,2:닫힘,3:비정상"
E415_C667CTRL/Q0CILO1$ST$EnaOpn$stVal,"0:잠김,1:해제"
E415_C667CTRL/Q0CILO1$ST$EnaCls$stVal,"0:잠김,1:해제"
E415_C667CTRL/Q1CILO2$ST$EnaOpn$stVal,"0:잠김,1:해제"
E415_C667CTRL/Q1CILO2$ST$EnaCls$stVal,"0:잠김,1:해제"
E415_C667CTRL/Q2CILO3$ST$EnaOpn$stVal,"0:잠김,1:해제"
E415_C667CTRL/Q2CILO3$ST$EnaCls$stVal,"0:잠김,1:해제"
E415_C667CTRL/Q91CILO5$ST$EnaOpn$stVal,"0:잠김,1:해제"
E415_C667CTRL/Q91CILO5$ST$EnaCls$stVal,"0:잠김,1:해제"
E415_C667CTRL/Q92CILO6$ST$EnaOpn$stVal,"0:잠김,1:해제"
E415_C667CTRL/Q92CILO6$ST$EnaCls$stVal,"0:잠김,1:해제"
E415_C667CTRL/Q6CILO4$ST$EnaOpn$stVal,"0:잠김,1:해제"
E415_C667CTRL/Q6CILO4$ST$EnaCls$stVal,"0:잠김,1:해제"
E415_C667CTRL/Q96CILO7$ST$EnaOpn$stVal,"0:잠김,1:해제"
E415_C667CTRL/Q96CILO7$ST$EnaCls$stVal,"0:잠김,1:해제"
E415_C667CTRL/VSTSGGIO6$ST$Ind54$stVal,"0:복귀,1:동작"
E415_C667CTRL/VSTSGGIO6$ST$Ind53$stVal,"0:복귀,1:동작"
E415_C667CTRL/GOSFGGIO11$ST$Ind1$stVal,"0:복귀,1:동작"
E415_C667CTRL/VSTSGGIO6$ST$Ind59$stVal,"0:복귀,1:동작"
E415_C667CTRL/VSTSGGIO6$ST$Ind64$stVal,"0:동작,1:해제"
E415_C667CTRL/Q0SIMG1$ST$PresAlm$stVal,"0:복귀,1:동작"
E415_C667CTRL/Q0SIMG6$ST$PresAlm$stVal,"0:복귀,1:동작"
E415_C667CTRL/Q1SIMG2$ST$PresAlm$stVal,"0:복귀,1:동작"
E415_C667CTRL/Q1SIMG7$ST$PresAlm$stVal,"0:복귀,1:동작"
E415_C667CTRL/Q2SIMG3$ST$PresAlm$stVal,"0:복귀,1:동작"
E415_C667CTRL/Q2SIMG8$ST$PresAlm$stVal,"0:복귀,1:동작"
E415_C667CTRL/Q6SIMG4$ST$PresAlm$stVal,"0:복귀,1:동작"
E415_C667CTRL/Q6SIMG9$ST$PresAlm$stVal,"0:복귀,1:동작"
E415_C667CTRL/Q1PHSIMG15$ST$PresAlm$stVal,"0:복귀,1:동작"
E415_C667CTRL/Q2PHSIMG16$ST$PresAlm$stVal,"0:복귀,1:동작"
E415_C667CTRL/VSTSGGIO6$ST$Ind45$stVal,"0:복귀,1:동작"
E415_C667CTRL/EXTDIGGIO7$ST$Ind28$stVal,"0:복귀,1:동작"
E415_C667CTRL/EXTDIGGIO7$ST$Ind29$stVal,"0:복귀,1:동작"
E415_C667CTRL/EXTDIGGIO7$ST$Ind25$stVal,"0:복귀,1:동작"
E415_C667CTRL/EXTDIGGIO7$ST$Ind26$stVal,"0:복귀,1:동작"
E415_C667CTRL/EXTDIGGIO7$ST$Ind27$stVal,"0:복귀,1:동작"
E415_C667CTRL/EXTDIGGIO7$ST$Ind53$stVal,"0:복귀,1:동작"
E415_C667CTRL/EXTDIGGIO7$ST$Ind22$stVal,"0:복귀,1:동작"
E415_C667CTRL/EXTDIGGIO7$ST$Ind23$stVal,"0:복귀,1:동작"
E415_C667CTRL/EXTDIGGIO7$ST$Ind31$stVal,"0:복귀,1:동작"
E415_C667CTRL/DOGGIO3$ST$Ind25$stVal,"0:복귀,1:동작"
E415_C677CTRL/LPHD1$ST$PhyHealth$stVal,"3:비정상,1:정상"
E415_C677CTRL/COMMGGIO2$ST$Ind1$stVal,"0:비정상,1:정상"
E415_C677CTRL/COMMGGIO2$ST$Ind2$stVal,"0:비정상,1:정상"
E415_C677CTRL/LLN0$ST$Loc$stVal,"0:Remote,1:Local"
E415_C677CTRL/Q0XCBR1$ST$Pos$stVal,"0:동작중,1:열림,2:닫힘,3:비정상"
E415_C677CTRL/Q1XSWI1$ST$Pos$stVal,"0:동작중,1:열림,2:닫힘,3:비정상"
E415_C677CTRL/Q2XSWI2$ST$Pos$stVal,"0:동작중,1:열림,2:닫힘,3:비정상"
E415_C677CTRL/Q6XSWI3$ST$Pos$stVal,"0:동작중,1:열림,2:닫힘,3:비정상"
E415_C677CTRL/Q96XSWI6$ST$Pos$stVal,"0:동작중,1:열림,2:닫힘,3:비정상"
E415_C677CTRL/Q91XSWI4$ST$Pos$stVal,"0:동작중,1:열림,2:닫힘,3:비정상"
E415_C677CTRL/Q92XSWI5$ST$Pos$stVal,"0:동작중,1:열림,2:닫힘,3:비정상"
E415_C677CTRL/Q0CILO1$ST$EnaOpn$stVal,"0:잠김,1:해제"
E415_C677CTRL/Q0CILO1$ST$EnaCls$stVal,"0:잠김,1:해제"
E415_C677CTRL/Q1CILO2$ST$EnaOpn$stVal,"0:잠김,1:해제"
E415_C677CTRL/Q1CILO2$ST$EnaCls$stVal,"0:잠김,1:해제"
E415_C677CTRL/Q2CILO3$ST$EnaOpn$stVal,"0:잠김,1:해제"
E415_C677CTRL/Q2CILO3$ST$EnaCls$stVal,"0:잠김,1:해제"
E415_C677CTRL/Q91CILO5$ST$EnaOpn$stVal,"0:잠김,1:해제"
E415_C677CTRL/Q91CILO5$ST$EnaCls$stVal,"0:잠김,1:해제"
E415_C677CTRL/Q92CILO6$ST$EnaOpn$stVal,"0:잠김,1:해제"
E415_C677CTRL/Q92CILO6$ST$EnaCls$stVal,"0:잠김,1:해제"
E415_C677CTRL/Q6CILO4$ST$EnaOpn$stVal,"0:잠김,1:해제"
E415_C677CTRL/Q6CILO4$ST$EnaCls$stVal,"0:잠김,1:해제"
E415_C677CTRL/Q96CILO7$ST$EnaOpn$stVal,"0:잠김,1:해제"
E415_C677CTRL/Q96CILO7$ST$EnaCls$stVal,"0:잠김,1:해제"
E415_C677CTRL/VSTSGGIO6$ST$Ind54$stVal,"0:복귀,1:동작"
E415_C677CTRL/VSTSGGIO6$ST$Ind53$stVal,"0:복귀,1:동작"
E415_C677CTRL/GOSFGGIO11$ST$Ind1$stVal,"0:복귀,1:동작"
E415_C677CTRL/VSTSGGIO6$ST$Ind59$stVal,"0:복귀,1:동작"
E415_C677CTRL/VSTSGGIO6$ST$Ind64$stVal,"0:동작,1:해제"
E415_C677CTRL/Q0SIMG1$ST$PresAlm$stVal,"0:복귀,1:동작"
E415_C677CTRL/Q0SIMG6$ST$PresAlm$stVal,"0:복귀,1:동작"
E415_C677CTRL/Q1SIMG2$ST$PresAlm$stVal,"0:복귀,1:동작"
E415_C677CTRL/Q1SIMG7$ST$PresAlm$stVal,"0:복귀,1:동작"
E415_C677CTRL/Q2SIMG3$ST$PresAlm$stVal,"0:복귀,1:동작"
E415_C677CTRL/Q2SIMG8$ST$PresAlm$stVal,"0:복귀,1:동작"
E415_C677CTRL/Q6SIMG4$ST$PresAlm$stVal,"0:복귀,1:동작"
E415_C677CTRL/Q6SIMG9$ST$PresAlm$stVal,"0:복귀,1:동작"
E415_C677CTRL/Q1PHSIMG15$ST$PresAlm$stVal,"0:복귀,1:동작"
E415_C677CTRL/Q2PHSIMG16$ST$PresAlm$stVal,"0:복귀,1:동작"
E415_C677CTRL/VSTSGGIO6$ST$Ind45$stVal,"0:복귀,1:동작"
E415_C677CTRL/EXTDIGGIO7$ST$Ind28$stVal,"0:복귀,1:동작"
E415_C677CTRL/EXTDIGGIO7$ST$Ind29$stVal,"0:복귀,1:동작"
E415_C677CTRL/EXTDIGGIO7$ST$Ind25$stVal,"0:복귀,1:동작"
E415_C677CTRL/EXTDIGGIO7$ST$Ind26$stVal,"0:복귀,1:동작"
E415_C677CTRL/EXTDIGGIO7$ST$Ind27$stVal,"0:복귀,1:동작"
E415_C677CTRL/EXTDIGGIO7$ST$Ind53$stVal,"0:복귀,1:동작"
E415_C677CTRL/EXTDIGGIO7$ST$Ind22$stVal,"0:복귀,1:동작"
E415_C677CTRL/EXTDIGGIO7$ST$Ind23$stVal,"0:복귀,1:동작"
E415_C677CTRL/EXTDIGGIO7$ST$Ind31$stVal,"0:복귀,1:동작"
E415_C677CTRL/DOGGIO3$ST$Ind25$stVal,"0:복귀,1:동작"
E415_C2MTR_CCTRL/LPHD1$ST$PhyHealth$stVal,"3:비정상,1:정상"
E415_C2MTR_CCTRL/COMMGGIO2$ST$Ind1$stVal,"0:비정상,1:정상"
E415_C2MTR_CCTRL/COMMGGIO2$ST$Ind2$stVal,"0:비정상,1:정상"
E415_C2MTR_CCTRL/LLN0$ST$Loc$stVal,"0:Remote,1:Local"
E415_C2MTR_CCTRL/DOGGIO3$ST$Ind17$stVal,"0:LOCAL,1:REMOTE"
E415_C2MTR_CCTRL/OLTCGGIO9$ST$SPCSO1$stVal,1:Auto
E415_C2MTR_CCTRL/OLTCGGIO9$ST$SPCSO2$stVal,1:Manual
E415_C2MTR_CCTRL/OLTCGGIO9$ST$SPCSO3$stVal,1:동작
E415_C2MTR_CCTRL/FANGGIO10$ST$SPCSO1$stVal,1:Auto
E415_C2MTR_CCTRL/FANGGIO10$ST$SPCSO2$stVal,1:Manual
E415_C2MTR_CCTRL/FANGGIO10$ST$SPCSO4$stVal,01:ON0:OFF
E415_C2MTR_CPROT/PTRC1$ST$Tr$general,"0:복귀,1:동작"
E415_C2MTR_CPROT/PTRC1$ST$Tr$phsA,"0:복귀,1:동작"
E415_C2MTR_CPROT/PTRC1$ST$Tr$phsB,"0:복귀,1:동작"
E415_C2MTR_CPROT/PTRC1$ST$Tr$phsC,"0:복귀,1:동작"
E415_C2MTR_CCTRL/x96DGGIO20$ST$Ind1$stVal,"0:복귀,1:동작"
E415_C2MTR_CCTRL/x96DGGIO20$ST$Ind2$stVal,"0:복귀,1:동작"
E415_C2MTR_CCTRL/x96DGGIO20$ST$Ind3$stVal,"0:복귀,1:동작"
E415_C2MTR_CCTRL/x96TGGIO22$ST$Ind1$stVal,"0:복귀,1:동작"
E415_C2MTR_CCTRL/x96TGGIO22$ST$Ind2$stVal,"0:복귀,1:동작"
E415_C2MTR_CCTRL/x96TGGIO22$ST$Ind3$stVal,"0:복귀,1:동작"
E415_C2MTR_CCTRL/FANGGIO10$ST$Ind2$stVal,"0:복귀,1:동작"
E415_C2MTR_CCTRL/OLTCGGIO9$ST$Ind5$stVal,"0:복귀,1:동작"
E415_C2MTR_CCTRL/OLTCGGIO9$ST$Ind1$stVal,"0:복귀,1:동작"
E415_C2MTR_CCTRL/OLTCGGIO9$ST$Ind2$stVal,"0:복귀,1:동작"
E415_C2MTR_CCTRL/OLTCGGIO9$ST$Ind6$stVal,"0:복귀,1:동작"
E415_C2MTR_CCTRL/OLTCGGIO9$ST$Ind3$stVal,"0:복귀,1:동작"
E415_C2MTR_CCTRL/OLTCGGIO9$ST$Ind15$stVal,"0:복귀,1:동작"
E415_C2MTR_CCTRL/OLTCGGIO9$ST$Ind16$stVal,"0:복귀,1:동작"
E415_C2MTR_CCTRL/OLTCGGIO9$ST$Ind13$stVal,"0:복귀,1:동작"
E415_C2MTR_CCTRL/OLTCGGIO9$ST$Ind14$stVal,"0:복귀,1:동작"
E415_C2MTR_CCTRL/ETCGGIO7$ST$Ind4$stVal,"0:복귀,1:동작"
E415_C2MTR_CCTRL/ETCGGIO7$ST$Ind1$stVal,"0:복귀,1:동작"
E415_C2MTR_CCTRL/ETCGGIO7$ST$Ind2$stVal,"0:복귀,1:동작"
E415_C2MTR_CCTRL/ETCGGIO7$ST$Ind3$stVal,"0:복귀,1:동작"
E415_C2MTR_CCTRL/EXTDIGGIO4$ST$Ind37$stVal,"2:복귀,1:동작"
E415_C2MTR_CCTRL/EXTDIGGIO4$ST$Ind38$stVal,"3:복귀,1:동작"
E415_C2MTR_CCTRL/EXTDIGGIO4$ST$Ind39$stVal,"4:복귀,1:동작"
E415_C2MTR_CCTRL/EXTDIGGIO4$ST$Ind40$stVal,"5:복귀,1:동작"
E415_C2MTR_CCTRL/EXTDIGGIO4$ST$Ind41$stVal,"6:복귀,1:동작"
E415_C2MTR_CCTRL/EXTDIGGIO4$ST$Ind42$stVal,"7:복귀,1:동작"
E415_C2MTR_CCTRL/EXTDIGGIO4$ST$Ind46$stVal,"8:복귀,1:동작"
E415_C2MTR_CCTRL/EXTDIGGIO4$ST$Ind47$stVal,"9:복귀,1:동작"
E415_C2MTR_CCTRL/EXTDIGGIO4$ST$Ind48$stVal,"10:복귀,1:동작"
E415_C2MTR_M_ACTRL/LPHD1$ST$PhyHealth$stVal,3:비정상1:정상
E415_C2MTR_M_BCTRL/LPHD1$ST$PhyHealth$stVal,3:비정상1:정상
E415_C2MTR_M_CCTRL/LPHD1$ST$PhyHealth$stVal,3:비정상1:정상
E415_C2MTR_M_ACTRL/COMMGGIO2$ST$Ind1$stVal,0:비정상1:정상
E415_C2MTR_M_ACTRL/COMMGGIO2$ST$Ind2$stVal,0:비정상1:정상
E415_C2MTR_M_BCTRL/COMMGGIO2$ST$Ind1$stVal,0:비정상1:정상
E415_C2MTR_M_BCTRL/COMMGGIO2$ST$Ind2$stVal,0:비정상1:정상
E415_C2MTR_M_CCTRL/COMMGGIO2$ST$Ind1$stVal,0:비정상1:정상
E415_C2MTR_M_CCTRL/COMMGGIO2$ST$Ind2$stVal,0:비정상1:정상
E415_C2MTR_M_ACTRL/x26Q3SIML4$ST$TmpAlm$stVal,0:비정상1:정상
E415_C2MTR_M_BCTRL/x26Q3SIML4$ST$TmpAlm$stVal,0:비정상1:정상
E415_C2MTR_M_CCTRL/x26Q3SIML4$ST$TmpAlm$stVal,0:비정상1:정상
E415_C2MTR_M_ACTRL/x26Q4SIML5$ST$TmpAlm$stVal,0:비정상1:정상
E415_C2MTR_M_BCTRL/x26Q4SIML5$ST$TmpAlm$stVal,0:비정상1:정상
E415_C2MTR_M_CCTRL/x26Q4SIML5$ST$TmpAlm$stVal,0:비정상1:정상
E415_C2MTR_M_ACTRL/x26W1YPTR1$ST$HPTmpAlm$stVal,0:비정상1:정상
E415_C2MTR_M_BCTRL/x26W1YPTR1$ST$HPTmpAlm$stVal,0:비정상1:정상
E415_C2MTR_M_CCTRL/x26W1YPTR1$ST$HPTmpAlm$stVal,0:비정상1:정상
E415_C2MTR_M_ACTRL/x26W2YPTR2$ST$HPTmpAlm$stVal,0:비정상1:정상
E415_C2MTR_M_BCTRL/x26W2YPTR2$ST$HPTmpAlm$stVal,0:비정상1:정상
E415_C2MTR_M_CCTRL/x26W2YPTR2$ST$HPTmpAlm$stVal,0:비정상1:정상
E415_C2MTR_M_ACTRL/x26W3YPTR3$ST$HPTmpAlm$stVal,0:비정상1:정상
E415_C2MTR_M_BCTRL/x26W3YPTR3$ST$HPTmpAlm$stVal,0:비정상1:정상
E415_C2MTR_M_CCTRL/x26W3YPTR3$ST$HPTmpAlm$stVal,0:비정상1:정상
E415_C2MTR_M_ACTRL/x26W4YPTR4$ST$HPTmpAlm$stVal,0:비정상1:정상
E415_C2MTR_M_BCTRL/x26W4YPTR4$ST$HPTmpAlm$stVal,0:비정상1:정상
E415_C2MTR_M_CCTRL/x26W4YPTR4$ST$HPTmpAlm$stVal,0:비정상1:정상
E415_C2MTR_M_ACTRL/x33QM1SIML6$ST$InsLevMin$stVal,0:비정상1:정상
E415_C2MTR_M_BCTRL/x33QM1SIML6$ST$InsLevMin$stVal,0:비정상1:정상
E415_C2MTR_M_CCTRL/x33QM1SIML6$ST$InsLevMin$stVal,0:비정상1:정상
E415_C2MTR_M_ACTRL/x33QO1SIML8$ST$InsLevMin$stVal,0:비정상1:정상
E415_C2MTR_M_BCTRL/x33QO1SIML8$ST$InsLevMin$stVal,0:비정상1:정상
E415_C2MTR_M_CCTRL/x33QO1SIML8$ST$InsLevMin$stVal,0:비정상1:정상
E415_C2MTR_M_ACTRL/x96GASIML10$ST$PresAlm$stVal,0:비정상1:정상
E415_C2MTR_M_BCTRL/x96GBSIML11$ST$PresAlm$stVal,0:비정상1:정상
E415_C2MTR_M_CCTRL/x96GCSIML12$ST$PresAlm$stVal,0:비정상1:정상
E415_C2MTR_M_ACTRL/ETCGGIO7$ST$Ind4$stVal,0:비정상1:정상
E415_C2MTR_M_BCTRL/ETCGGIO7$ST$Ind4$stVal,0:비정상1:정상
E415_C2MTR_M_CCTRL/ETCGGIO7$ST$Ind4$stVal,0:비정상1:정상
E415_C2MTR_M_ACTRL/ETCGGIO7$ST$Ind5$stVal,0:비정상1:정상
E415_C2MTR_M_BCTRL/ETCGGIO7$ST$Ind5$stVal,0:비정상1:정상
E415_C2MTR_M_CCTRL/ETCGGIO7$ST$Ind5$stVal,0:비정상1:정상
E415_C2MTR_M_ACTRL/GOSFGGIO23$ST$Ind1$stVal,0:비정상1:정상
E415_C2MTR_M_BCTRL/GOSFGGIO23$ST$Ind1$stVal,0:비정상1:정상
E415_C2MTR_M_CCTRL/GOSFGGIO23$ST$Ind1$stVal,0:비정상1:정상
E415_C2MTR_M_ACTRL/ETCGGIO7$ST$Ind6$stVal,0:비정상1:정상
E415_C2MTR_M_BCTRL/ETCGGIO7$ST$Ind6$stVal,0:비정상1:정상
E415_C2MTR_M_CCTRL/ETCGGIO7$ST$Ind6$stVal,0:비정상1:정상
E415_C3MTR_CCTRL/LPHD1$ST$PhyHealth$stVal,"3:비정상,1:정상"
E415_C3MTR_CCTRL/COMMGGIO2$ST$Ind1$stVal,"0:비정상,1:정상"
E415_C3MTR_CCTRL/COMMGGIO2$ST$Ind2$stVal,"0:비정상,1:정상"
E415_C3MTR_CCTRL/LLN0$ST$Loc$stVal,"0:Remote,1:Local"
E415_C3MTR_CCTRL/DOGGIO3$ST$Ind17$stVal,"0:LOCAL,1:REMOTE"
E415_C3MTR_CCTRL/OLTCGGIO9$ST$SPCSO1$stVal,1:Auto
E415_C3MTR_CCTRL/OLTCGGIO9$ST$SPCSO2$stVal,1:Manual
E415_C3MTR_CCTRL/OLTCGGIO9$ST$SPCSO3$stVal,1:동작
E415_C3MTR_CCTRL/FANGGIO10$ST$SPCSO1$stVal,1:Auto
E415_C3MTR_CCTRL/FANGGIO10$ST$SPCSO2$stVal,1:Manual
E415_C3MTR_CCTRL/FANGGIO10$ST$SPCSO4$stVal,01:ON0:OFF
E415_C3MTR_CPROT/PTRC1$ST$Tr$general,"0:복귀,1:동작"
E415_C3MTR_CPROT/PTRC1$ST$Tr$phsA,"0:복귀,1:동작"
E415_C3MTR_CPROT/PTRC1$ST$Tr$phsB,"0:복귀,1:동작"
E415_C3MTR_CPROT/PTRC1$ST$Tr$phsC,"0:복귀,1:동작"
E415_C3MTR_CCTRL/x96DGGIO20$ST$Ind1$stVal,"0:복귀,1:동작"
E415_C3MTR_CCTRL/x96DGGIO20$ST$Ind2$stVal,"0:복귀,1:동작"
E415_C3MTR_CCTRL/x96DGGIO20$ST$Ind3$stVal,"0:복귀,1:동작"
E415_C3MTR_CCTRL/x96TGGIO22$ST$Ind1$stVal,"0:복귀,1:동작"
E415_C3MTR_CCTRL/x96TGGIO22$ST$Ind2$stVal,"0:복귀,1:동작"
E415_C3MTR_CCTRL/x96TGGIO22$ST$Ind3$stVal,"0:복귀,1:동작"
E415_C3MTR_CCTRL/FANGGIO10$ST$Ind2$stVal,"0:복귀,1:동작"
E415_C3MTR_CCTRL/OLTCGGIO9$ST$Ind5$stVal,"0:복귀,1:동작"
E415_C3MTR_CCTRL/OLTCGGIO9$ST$Ind1$stVal,"0:복귀,1:동작"
E415_C3MTR_CCTRL/OLTCGGIO9$ST$Ind2$stVal,"0:복귀,1:동작"
E415_C3MTR_CCTRL/OLTCGGIO9$ST$Ind6$stVal,"0:복귀,1:동작"
E415_C3MTR_CCTRL/OLTCGGIO9$ST$Ind3$stVal,"0:복귀,1:동작"
E415_C3MTR_CCTRL/OLTCGGIO9$ST$Ind15$stVal,"0:복귀,1:동작"
E415_C3MTR_CCTRL/OLTCGGIO9$ST$Ind13$stVal,"0:복귀,1:동작"
E415_C3MTR_CCTRL/OLTCGGIO9$ST$Ind16$stVal,"0:복귀,1:동작"
E415_C3MTR_CCTRL/OLTCGGIO9$ST$Ind14$stVal,"0:복귀,1:동작"
E415_C3MTR_CCTRL/ETCGGIO7$ST$Ind4$stVal,"0:복귀,1:동작"
E415_C3MTR_CCTRL/ETCGGIO7$ST$Ind1$stVal,"0:복귀,1:동작"
E415_C3MTR_CCTRL/ETCGGIO7$ST$Ind2$stVal,"0:복귀,1:동작"
E415_C3MTR_CCTRL/ETCGGIO7$ST$Ind3$stVal,"0:복귀,1:동작"
E415_C3MTR_CCTRL/EXTDIGGIO4$ST$Ind37$stVal,"2:복귀,1:동작"
E415_C3MTR_CCTRL/EXTDIGGIO4$ST$Ind38$stVal,"3:복귀,1:동작"
E415_C3MTR_CCTRL/EXTDIGGIO4$ST$Ind39$stVal,"4:복귀,1:동작"
E415_C3MTR_CCTRL/EXTDIGGIO4$ST$Ind40$stVal,"5:복귀,1:동작"
E415_C3MTR_CCTRL/EXTDIGGIO4$ST$Ind41$stVal,"6:복귀,1:동작"
E415_C3MTR_CCTRL/EXTDIGGIO4$ST$Ind42$stVal,"7:복귀,1:동작"
E415_C3MTR_CCTRL/EXTDIGGIO4$ST$Ind46$stVal,"8:복귀,1:동작"
E415_C3MTR_CCTRL/EXTDIGGIO4$ST$Ind47$stVal,"9:복귀,1:동작"
E415_C3MTR_CCTRL/EXTDIGGIO4$ST$Ind48$stVal,"10:복귀,1:동작"
E415_C3MTR_M_ACTRL/LPHD1$ST$PhyHealth$stVal,3:비정상1:정상
E415_C3MTR_M_BCTRL/LPHD1$ST$PhyHealth$stVal,3:비정상1:정상
E415_C3MTR_M_CCTRL/LPHD1$ST$PhyHealth$stVal,3:비정상1:정상
E415_C3MTR_M_ACTRL/COMMGGIO2$ST$Ind1$stVal,0:비정상1:정상
E415_C3MTR_M_ACTRL/COMMGGIO2$ST$Ind2$stVal,0:비정상1:정상
E415_C3MTR_M_BCTRL/COMMGGIO2$ST$Ind1$stVal,0:비정상1:정상
E415_C3MTR_M_BCTRL/COMMGGIO2$ST$Ind2$stVal,0:비정상1:정상
E415_C3MTR_M_CCTRL/COMMGGIO2$ST$Ind1$stVal,0:비정상1:정상
E415_C3MTR_M_CCTRL/COMMGGIO2$ST$Ind2$stVal,0:비정상1:정상
E415_C3MTR_M_ACTRL/x26Q3SIML4$ST$TmpAlm$stVal,0:비정상1:정상
E415_C3MTR_M_BCTRL/x26Q3SIML4$ST$TmpAlm$stVal,0:비정상1:정상
E415_C3MTR_M_CCTRL/x26Q3SIML4$ST$TmpAlm$stVal,0:비정상1:정상
E415_C3MTR_M_ACTRL/x26Q4SIML5$ST$TmpAlm$stVal,0:비정상1:정상
E415_C3MTR_M_BCTRL/x26Q4SIML5$ST$TmpAlm$stVal,0:비정상1:정상
E415_C3MTR_M_CCTRL/x26Q4SIML5$ST$TmpAlm$stVal,0:비정상1:정상
E415_C3MTR_M_ACTRL/x26W1YPTR1$ST$HPTmpAlm$stVal,0:비정상1:정상
E415_C3MTR_M_BCTRL/x26W1YPTR1$ST$HPTmpAlm$stVal,0:비정상1:정상
E415_C3MTR_M_CCTRL/x26W1YPTR1$ST$HPTmpAlm$stVal,0:비정상1:정상
E415_C3MTR_M_ACTRL/x26W2YPTR2$ST$HPTmpAlm$stVal,0:비정상1:정상
E415_C3MTR_M_BCTRL/x26W2YPTR2$ST$HPTmpAlm$stVal,0:비정상1:정상
E415_C3MTR_M_CCTRL/x26W2YPTR2$ST$HPTmpAlm$stVal,0:비정상1:정상
E415_C3MTR_M_ACTRL/x26W3YPTR3$ST$HPTmpAlm$stVal,0:비정상1:정상
E415_C3MTR_M_BCTRL/x26W3YPTR3$ST$HPTmpAlm$stVal,0:비정상1:정상
E415_C3MTR_M_CCTRL/x26W3YPTR3$ST$HPTmpAlm$stVal,0:비정상1:정상
E415_C3MTR_M_ACTRL/x26W4YPTR4$ST$HPTmpAlm$stVal,0:비정상1:정상
E415_C3MTR_M_BCTRL/x26W4YPTR4$ST$HPTmpAlm$stVal,0:비정상1:정상
E415_C3MTR_M_CCTRL/x26W4YPTR4$ST$HPTmpAlm$stVal,0:비정상1:정상
E415_C3MTR_M_ACTRL/x33QM1SIML6$ST$InsLevMin$stVal,0:비정상1:정상
E415_C3MTR_M_BCTRL/x33QM1SIML6$ST$InsLevMin$stVal,0:비정상1:정상
E415_C3MTR_M_CCTRL/x33QM1SIML6$ST$InsLevMin$stVal,0:비정상1:정상
E415_C3MTR_M_ACTRL/x33QO1SIML8$ST$InsLevMin$stVal,0:비정상1:정상
E415_C3MTR_M_BCTRL/x33QO1SIML8$ST$InsLevMin$stVal,0:비정상1:정상
E415_C3MTR_M_CCTRL/x33QO1SIML8$ST$InsLevMin$stVal,0:비정상1:정상
E415_C3MTR_M_ACTRL/x96GASIML10$ST$PresAlm$stVal,0:비정상1:정상
E415_C3MTR_M_BCTRL/x96GBSIML11$ST$PresAlm$stVal,0:비정상1:정상
E415_C3MTR_M_CCTRL/x96GCSIML12$ST$PresAlm$stVal,0:비정상1:정상
E415_C3MTR_M_ACTRL/ETCGGIO7$ST$Ind4$stVal,0:비정상1:정상
E415_C3MTR_M_BCTRL/ETCGGIO7$ST$Ind4$stVal,0:비정상1:정상
E415_C3MTR_M_CCTRL/ETCGGIO7$ST$Ind4$stVal,0:비정상1:정상
E415_C3MTR_M_ACTRL/ETCGGIO7$ST$Ind5$stVal,0:비정상1:정상
E415_C3MTR_M_BCTRL/ETCGGIO7$ST$Ind5$stVal,0:비정상1:정상
E415_C3MTR_M_CCTRL/ETCGGIO7$ST$Ind5$stVal,0:비정상1:정상
E415_C3MTR_M_ACTRL/GOSFGGIO23$ST$Ind1$stVal,0:비정상1:정상
E415_C3MTR_M_BCTRL/GOSFGGIO23$ST$Ind1$stVal,0:비정상1:정상
E415_C3MTR_M_CCTRL/GOSFGGIO23$ST$Ind1$stVal,0:비정상1:정상
E415_C3MTR_M_ACTRL/ETCGGIO7$ST$Ind6$stVal,0:비정상1:정상
E415_C3MTR_M_BCTRL/ETCGGIO7$ST$Ind6$stVal,0:비정상1:정상
E415_C3MTR_M_CCTRL/ETCGGIO7$ST$Ind6$stVal,0:비정상1:정상
E415_C6233CTRL/LPHD1$ST$PhyHealth$stVal,1:정상3:비정상
E415_C6233CTRL/COMMGGIO2$ST$Ind1$stVal,0:비정상1:정상
E415_C6233CTRL/COMMGGIO2$ST$Ind2$stVal,0:비정상1:정상
E415_C6233CTRL/LLN0$ST$Loc$stVal,0:Remote1:Local
E415_C6233CTRL/Q0XCBR1$ST$Pos$stVal,0:동작중1:열림2:닫힘3:비정상
E415_C6233CTRL/Q1XSWI1$ST$Pos$stVal,0:동작중1:열림2:닫힘3:비정상
E415_C6233CTRL/Q2XSWI2$ST$Pos$stVal,0:동작중1:열림2:닫힘3:비정상
E415_C6233CTRL/Q91XSWI4$ST$Pos$stVal,0:동작중1:열림2:닫힘3:비정상
E415_C6233CTRL/Q92XSWI5$ST$Pos$stVal,0:동작중1:열림2:닫힘3:비정상
E415_C6233CTRL/Q0CILO1$ST$EnaOpn$stVal,0:잠김1:해제
E415_C6233CTRL/Q0CILO1$ST$EnaCls$stVal,0:잠김1:해제
E415_C6233CTRL/Q1CILO2$ST$EnaOpn$stVal,0:잠김1:해제
E415_C6233CTRL/Q1CILO2$ST$EnaCls$stVal,0:잠김1:해제
E415_C6233CTRL/Q2CILO3$ST$EnaOpn$stVal,0:잠김1:해제
E415_C6233CTRL/Q2CILO3$ST$EnaCls$stVal,0:잠김1:해제
E415_C6233CTRL/Q91CILO5$ST$EnaOpn$stVal,0:잠김1:해제
E415_C6233CTRL/Q91CILO5$ST$EnaCls$stVal,0:잠김1:해제
E415_C6233CTRL/Q92CILO6$ST$EnaOpn$stVal,0:잠김1:해제
E415_C6233CTRL/Q92CILO6$ST$EnaCls$stVal,0:잠김1:해제
E415_C6233CTRL/VSTSGGIO6$ST$Ind54$stVal,0:복귀1:동작
E415_C6233CTRL/VSTSGGIO6$ST$Ind53$stVal,0:복귀1:동작
E415_C6233CTRL/GOSFGGIO11$ST$Ind1$stVal,0:복귀1:동작
E415_C6233CTRL/VSTSGGIO6$ST$Ind59$stVal,0:복귀1:동작
E415_C6233CTRL/VSTSGGIO6$ST$Ind64$stVal,0:동작1:해제
E415_C6233CTRL/Q0SIMG1$ST$PresAlm$stVal,0:복귀1:동작
E415_C6233CTRL/Q0SIMG6$ST$PresAlm$stVal,0:복귀1:동작
E415_C6233CTRL/Q1SIMG2$ST$PresAlm$stVal,0:복귀1:동작
E415_C6233CTRL/Q1SIMG7$ST$PresAlm$stVal,0:복귀1:동작
E415_C6233CTRL/Q2SIMG3$ST$PresAlm$stVal,0:복귀1:동작
E415_C6233CTRL/Q2SIMG8$ST$PresAlm$stVal,0:복귀1:동작
E415_C6233CTRL/Q6SIMG4$ST$PresAlm$stVal,0:복귀1:동작
E415_C6233CTRL/Q6SIMG9$ST$PresAlm$stVal,0:복귀1:동작
E415_C6233CTRL/Q1PHSIMG15$ST$PresAlm$stVal,0:복귀1:동작
E415_C6233CTRL/Q2PHSIMG16$ST$PresAlm$stVal,0:복귀1:동작
E415_C6233CTRL/VSTSGGIO6$ST$Ind45$stVal,0:복귀1:동작
E415_C6233CTRL/EXTDIGGIO7$ST$Ind28$stVal,"0:복귀,1:동작"
E415_C6233CTRL/EXTDIGGIO7$ST$Ind29$stVal,"0:복귀,1:동작"
E415_C6233CTRL/EXTDIGGIO7$ST$Ind25$stVal,"0:복귀,1:동작"
E415_C6233CTRL/EXTDIGGIO7$ST$Ind26$stVal,"0:복귀,1:동작"
E415_C6233CTRL/EXTDIGGIO7$ST$Ind53$stVal,"0:복귀,1:동작"
E415_C6233CTRL/EXTDIGGIO7$ST$Ind31$stVal,"0:복귀,1:동작"
E415_C6333CTRL/LPHD1$ST$PhyHealth$stVal,1:정상3:비정상
E415_C6333CTRL/COMMGGIO2$ST$Ind1$stVal,0:비정상1:정상
E415_C6333CTRL/COMMGGIO2$ST$Ind2$stVal,0:비정상1:정상
E415_C6333CTRL/LLN0$ST$Loc$stVal,0:Remote1:Local
E415_C6333CTRL/Q0XCBR1$ST$Pos$stVal,0:동작중1:열림2:닫힘3:비정상
E415_C6333CTRL/Q1XSWI1$ST$Pos$stVal,0:동작중1:열림2:닫힘3:비정상
E415_C6333CTRL/Q2XSWI2$ST$Pos$stVal,0:동작중1:열림2:닫힘3:비정상
E415_C6333CTRL/Q91XSWI4$ST$Pos$stVal,0:동작중1:열림2:닫힘3:비정상
E415_C6333CTRL/Q92XSWI5$ST$Pos$stVal,0:동작중1:열림2:닫힘3:비정상
E415_C6333CTRL/Q0CILO1$ST$EnaOpn$stVal,0:잠김1:해제
E415_C6333CTRL/Q0CILO1$ST$EnaCls$stVal,0:잠김1:해제
E415_C6333CTRL/Q1CILO2$ST$EnaOpn$stVal,0:잠김1:해제
E415_C6333CTRL/Q1CILO2$ST$EnaCls$stVal,0:잠김1:해제
E415_C6333CTRL/Q2CILO3$ST$EnaOpn$stVal,0:잠김1:해제
E415_C6333CTRL/Q2CILO3$ST$EnaCls$stVal,0:잠김1:해제
E415_C6333CTRL/Q91CILO5$ST$EnaOpn$stVal,0:잠김1:해제
E415_C6333CTRL/Q91CILO5$ST$EnaCls$stVal,0:잠김1:해제
E415_C6333CTRL/Q92CILO6$ST$EnaOpn$stVal,0:잠김1:해제
E415_C6333CTRL/Q92CILO6$ST$EnaCls$stVal,0:잠김1:해제
E415_C6333CTRL/VSTSGGIO6$ST$Ind54$stVal,0:복귀1:동작
E415_C6333CTRL/VSTSGGIO6$ST$Ind53$stVal,0:복귀1:동작
E415_C6333CTRL/GOSFGGIO11$ST$Ind1$stVal,0:복귀1:동작
E415_C6333CTRL/VSTSGGIO6$ST$Ind59$stVal,0:복귀1:동작
E415_C6333CTRL/VSTSGGIO6$ST$Ind64$stVal,0:동작1:해제
E415_C6333CTRL/Q0SIMG1$ST$PresAlm$stVal,0:복귀1:동작
E415_C6333CTRL/Q0SIMG6$ST$PresAlm$stVal,0:복귀1:동작
E415_C6333CTRL/Q1SIMG2$ST$PresAlm$stVal,0:복귀1:동작
E415_C6333CTRL/Q1SIMG7$ST$PresAlm$stVal,0:복귀1:동작
E415_C6333CTRL/Q2SIMG3$ST$PresAlm$stVal,0:복귀1:동작
E415_C6333CTRL/Q2SIMG8$ST$PresAlm$stVal,0:복귀1:동작
E415_C6333CTRL/Q6SIMG4$ST$PresAlm$stVal,0:복귀1:동작
E415_C6333CTRL/Q6SIMG9$ST$PresAlm$stVal,0:복귀1:동작
E415_C6333CTRL/Q1PHSIMG15$ST$PresAlm$stVal,0:복귀1:동작
E415_C6333CTRL/Q2PHSIMG16$ST$PresAlm$stVal,0:복귀1:동작
E415_C6333CTRL/VSTSGGIO6$ST$Ind45$stVal,0:복귀1:동작
E415_C6333CTRL/EXTDIGGIO7$ST$Ind28$stVal,"0:복귀,1:동작"
E415_C6333CTRL/EXTDIGGIO7$ST$Ind29$stVal,"0:복귀,1:동작"
E415_C6333CTRL/EXTDIGGIO7$ST$Ind25$stVal,"0:복귀,1:동작"
E415_C6333CTRL/EXTDIGGIO7$ST$Ind26$stVal,"0:복귀,1:동작"
E415_C6333CTRL/EXTDIGGIO7$ST$Ind53$stVal,"0:복귀,1:동작"
E415_C6333CTRL/EXTDIGGIO7$ST$Ind31$stVal,"0:복귀,1:동작"
E415_P637_87Master/LPHD1$ST$PhyHealth$stVal,"3:비정상,1:정상"
E415_P637_87Master/LPHD1$ST$Eth2Fail$stVal,"1:비정상,0:정상"
E415_P637_87Master/LPHD1$ST$Eth3Fail$stVal,"1:비정상,0:정상"
E415_P637_21Master/LPHD1$ST$PhyHealth$stVal,"3:비정상,1:정상"
E415_P637_21Master/LPHD1$ST$Eth2Fail$stVal,"1:비정상,0:정상"
E415_P637_21Master/LPHD1$ST$Eth3Fail$stVal,"1:비정상,0:정상"
E415_P637_87System/Bkr0XCBR1$ST$Pos$stVal,"0:동작중,1:열림,2:닫힘,3:비정상"
E415_P637_87Master/GGIO1$ST$Ind001$stVal,1:운전
E415_P637_87Master/GGIO2$CO$SPCSO01$Oper$ctlVal,1:운전
E415_P637_87Master/GGIO1$ST$Ind002$stVal,1:정지
E415_P637_87Master/GGIO2$CO$SPCSO04$Oper$ctlVal,1:정지
E415_P637_87Master/GGIO1$ST$Ind003$stVal,1:운전
E415_P637_87Master/GGIO2$CO$SPCSO03$Oper$ctlVal,1:운전
E415_P637_87Master/GGIO1$ST$Ind004$stVal,1:정지
E415_P637_21Master/GGIO1$ST$Ind001$stVal,1:자동
E415_P637_21Master/GGIO2$CO$SPCSO01$Oper$ctlVal,1:자동
E415_P637_21Master/GGIO1$ST$Ind002$stVal,1:수동
E415_P637_21Master/GGIO2$CO$SPCSO02$Oper$ctlVal,1:수동
E415_P637_21Master/GGIO1$ST$Ind003$stVal,1:#1BUS
E415_P637_21Master/GGIO2$CO$SPCSO03$Oper$ctlVal,1:#1BUS
E415_P637_21Master/GGIO1$ST$Ind004$stVal,1:#2BUS
E415_P637_21Master/GGIO2$CO$SPCSO04$Oper$ctlVal,1:#2BUS
E415_P637_21Master/GGIO1$ST$Ind005$stVal,1:정지
E415_P637_21Master/GGIO2$CO$SPCSO05$Oper$ctlVal,1:정지
E415_P637_87Prot/TrOutPTRC1$ST$Tr$general,"0:복귀,1:동작"
E415_P637_87Master/GGIO1$ST$Ind013$stVal,"0:복귀,1:동작"
E415_P637_87Master/GGIO1$ST$Ind014$stVal,"0:복귀,1:동작"
E415_P637_87Master/GGIO1$ST$Ind015$stVal,"0:복귀,1:동작"
E415_P637_87Prot/LinDfPDIF1$ST$Op$general,"0:복귀,1:동작"
E415_P637_87Prot/LinDfPDIF1$ST$OpGnd$general,"0:복귀,1:동작"
E415_P637_87Master/GGIO1$ST$Ind005$stVal,"0:복귀,1:동작"
E415_P637_87Master/GGIO1$ST$Ind006$stVal,"0:복귀,1:동작"
E415_P637_87Master/GGIO1$ST$Ind007$stVal,"0:복귀,1:동작"
E415_P637_21Prot/TrOutPTRC1$ST$Tr$general,"0:복귀,1:동작"
E415_P637_21Master/GGIO1$ST$Ind014$stVal,"0:복귀,1:동작"
E415_P637_21Master/GGIO1$ST$Ind015$stVal,"0:복귀,1:동작"
E415_P637_21Master/GGIO1$ST$Ind016$stVal,"0:복귀,1:동작"
E415_P637_21Master/GGIO1$ST$Ind017$stVal,"0:복귀,1:동작"
E415_P637_21Master/GGIO1$ST$Ind018$stVal,"0:복귀,1:동작"
E415_P637_21Master/GGIO1$ST$Ind019$stVal,"0:복귀,1:동작"
E415_P637_21Master/GGIO1$ST$Ind006$stVal,"0:복귀,1:동작"
E415_P637_21Master/GGIO1$ST$Ind007$stVal,"0:복귀,1:동작"
E415_P637_21Master/GGIO1$ST$Ind008$stVal,"0:복귀,1:동작"
E415_P637_21Prot/PwrSwgRPSB1$ST$Blk$stVal,"0:복귀,1:동작"
E415_P637_87Master/GGIO1$ST$Ind008$stVal,"0:복귀,1:동작"
E415_P637_87Prot/AuxPTOV1$ST$Op$general,"0:복귀,1:동작"
E415_P637_87Master/GGIO1$ST$Ind009$stVal,"0:복귀,1:동작"
E415_P637_21Master/GGIO1$ST$Ind009$stVal,"0:복귀,1:동작"
E415_P637_21Master/GGIO1$ST$Ind010$stVal,"0:복귀,1:동작"
E415_P637_87Master/GGIO1$ST$Ind016$stVal,"0:복귀,1:동작"
E415_P637_21Master/GGIO1$ST$Ind012$stVal,"0:복귀,1:동작"
E415_P637_87Master/GGIO1$ST$Ind010$stVal,"0:복귀,1:동작"
E415_P637_21Master/GGIO1$ST$Ind011$stVal,"0:복귀,1:동작"
E382_P637_87PROT/RDRE1$ST$RcdMade$stVal,"0:복귀,1:동작"
E382_P637_21PROT/RDRE1$ST$RcdMade$stVal,"0:복귀,1:동작"
E415_P637_87Prot/PhsPTUV2$ST$Op$general,"0:복귀,1:동작"
E415_P637_87Prot/PhsPTUV1$ST$Op$general,"0:복귀,1:동작"
E415_P637_87Master/GGIO1$ST$Ind011$stVal,"0:복귀,1:동작"
E415_P637_87Master/GGIO1$ST$Ind012$stVal,"0:복귀,1:동작"
E415_P647_87Master/LPHD1$ST$PhyHealth$stVal,"3:비정상,1:정상"
E415_P647_87Master/LPHD1$ST$Eth2Fail$stVal,"1:비정상,0:정상"
E415_P647_87Master/LPHD1$ST$Eth3Fail$stVal,"1:비정상,0:정상"
E415_P647_21Master/LPHD1$ST$PhyHealth$stVal,"3:비정상,1:정상"
E415_P647_21Master/LPHD1$ST$Eth2Fail$stVal,"1:비정상,0:정상"
E415_P647_21Master/LPHD1$ST$Eth3Fail$stVal,"1:비정상,0:정상"
E415_P647_87System/Bkr0XCBR1$ST$Pos$stVal,"0:동작중,1:열림,2:닫힘,3:비정상"
E415_P647_87Master/GGIO1$ST$Ind001$stVal,1:운전
E415_P647_87Master/GGIO2$CO$SPCSO01$Oper$ctlVal,1:운전
E415_P647_87Master/GGIO1$ST$Ind002$stVal,1:정지
E415_P647_87Master/GGIO2$CO$SPCSO04$Oper$ctlVal,1:정지
E415_P647_87Master/GGIO1$ST$Ind003$stVal,1:운전
E415_P647_87Master/GGIO2$CO$SPCSO03$Oper$ctlVal,1:운전
E415_P647_87Master/GGIO1$ST$Ind004$stVal,1:정지
E415_P647_21Master/GGIO1$ST$Ind001$stVal,1:자동
E415_P647_21Master/GGIO2$CO$SPCSO01$Oper$ctlVal,1:자동
E415_P647_21Master/GGIO1$ST$Ind002$stVal,1:수동
E415_P647_21Master/GGIO2$CO$SPCSO02$Oper$ctlVal,1:수동
E415_P647_21Master/GGIO1$ST$Ind003$stVal,1:#1BUS
E415_P647_21Master/GGIO2$CO$SPCSO03$Oper$ctlVal,1:#1BUS
E415_P647_21Master/GGIO1$ST$Ind004$stVal,1:#2BUS
E415_P647_21Master/GGIO2$CO$SPCSO04$Oper$ctlVal,1:#2BUS
E415_P647_21Master/GGIO1$ST$Ind005$stVal,1:정지
E415_P647_21Master/GGIO2$CO$SPCSO05$Oper$ctlVal,1:정지
E415_P647_87Prot/TrOutPTRC1$ST$Tr$general,"0:복귀,1:동작"
E415_P647_87Master/GGIO1$ST$Ind013$stVal,"0:복귀,1:동작"
E415_P647_87Master/GGIO1$ST$Ind014$stVal,"0:복귀,1:동작"
E415_P647_87Master/GGIO1$ST$Ind015$stVal,"0:복귀,1:동작"
E415_P647_87Prot/LinDfPDIF1$ST$Op$general,"0:복귀,1:동작"
E415_P647_87Prot/LinDfPDIF1$ST$OpGnd$general,"0:복귀,1:동작"
E415_P647_87Master/GGIO1$ST$Ind005$stVal,"0:복귀,1:동작"
E415_P647_87Master/GGIO1$ST$Ind006$stVal,"0:복귀,1:동작"
E415_P647_87Master/GGIO1$ST$Ind007$stVal,"0:복귀,1:동작"
E415_P647_21Prot/TrOutPTRC1$ST$Tr$general,"0:복귀,1:동작"
E415_P647_21Master/GGIO1$ST$Ind014$stVal,"0:복귀,1:동작"
E415_P647_21Master/GGIO1$ST$Ind015$stVal,"0:복귀,1:동작"
E415_P647_21Master/GGIO1$ST$Ind016$stVal,"0:복귀,1:동작"
E415_P647_21Master/GGIO1$ST$Ind017$stVal,"0:복귀,1:동작"
E415_P647_21Master/GGIO1$ST$Ind018$stVal,"0:복귀,1:동작"
E415_P647_21Master/GGIO1$ST$Ind019$stVal,"0:복귀,1:동작"
E415_P647_21Master/GGIO1$ST$Ind006$stVal,"0:복귀,1:동작"
E415_P647_21Master/GGIO1$ST$Ind007$stVal,"0:복귀,1:동작"
E415_P647_21Master/GGIO1$ST$Ind008$stVal,"0:복귀,1:동작"
E415_P647_21Prot/PwrSwgRPSB1$ST$Blk$stVal,"0:복귀,1:동작"
E415_P647_87Master/GGIO1$ST$Ind008$stVal,"0:복귀,1:동작"
E415_P647_87Prot/AuxPTOV1$ST$Op$general,"0:복귀,1:동작"
E415_P647_87Master/GGIO1$ST$Ind009$stVal,"0:복귀,1:동작"
E415_P647_21Master/GGIO1$ST$Ind009$stVal,"0:복귀,1:동작"
E415_P647_21Master/GGIO1$ST$Ind010$stVal,"0:복귀,1:동작"
E415_P647_87Master/GGIO1$ST$Ind016$stVal,"0:복귀,1:동작"
E415_P647_21Master/GGIO1$ST$Ind012$stVal,"0:복귀,1:동작"
E415_P647_87Master/GGIO1$ST$Ind010$stVal,"0:복귀,1:동작"
E415_P647_21Master/GGIO1$ST$Ind011$stVal,"0:복귀,1:동작"
E382_P647_87PROT/RDRE1$ST$RcdMade$stVal,"0:복귀,1:동작"
E382_P647_21PROT/RDRE1$ST$RcdMade$stVal,"0:복귀,1:동작"
E415_P647_87Prot/PhsPTUV2$ST$Op$general,"0:복귀,1:동작"
E415_P647_87Prot/PhsPTUV1$ST$Op$general,"0:복귀,1:동작"
E415_P647_87Master/GGIO1$ST$Ind011$stVal,"0:복귀,1:동작"
E415_P647_87Master/GGIO1$ST$Ind012$stVal,"0:복귀,1:동작"
E415_P667_87PROT/GGIO15$ST$Alm1$stVal,"0:정상,1:비정상"
E415_P667_87CTRL/CSWI1$CO$Pos$Oper$ctlVal,1:열림
E415_P667_87PROT/GGIO10$ST$Ind6$stVal,1:운전
E415_P667_87CTRL/CSWI2$CO$Pos$Oper$ctlVal,1:운전
E415_P667_87PROT/GGIO4$ST$Ind3$stVal,1:정지
E415_P667_87CTRL/CSWI3$CO$Pos$Oper$ctlVal,1:정지
E415_P667_21PROT/GGIO12$ST$Ind6$stVal,1:운전
E415_P667_21CTRL/CSWI7$CO$Pos$Oper$ctlVal,1:운전
E415_P667_21PROT/GGIO6$ST$Ind8$stVal,1:정지
E415_P667_21CTRL/CSWI8$CO$Pos$Oper$ctlVal,1:정지
E415_P667_21PROT/GGIO13$ST$Ind4$stVal,1:자동
E415_P667_21CTRL/CSWI3$CO$Pos$Oper$ctlVal,1:자동
E415_P667_21PROT/GGIO13$ST$Ind5$stVal,1:수동
E415_P667_21CTRL/CSWI2$CO$Pos$Oper$ctlVal,1:수동
E415_P667_21PROT/GGIO13$ST$Ind6$stVal,"0:정지,1:운전"
E415_P667_21CTRL/CSWI4$CO$Pos$Oper$ctlVal,"0:정지,1:운전"
E415_P667_21PROT/GGIO13$ST$Ind7$stVal,"0:정지,1:운전"
E415_P667_21CTRL/CSWI5$CO$Pos$Oper$ctlVal,"0:정지,1:운전"
E415_P667_21PROT/GGIO13$ST$Ind8$stVal,"0:운전,1:정지"
E415_P667_21CTRL/CSWI6$CO$Pos$Oper$ctlVal,"0:운전,1:정지"
E415_P667_87PROT/PTRC1$ST$Tr$general,"0:복귀,1:동작"
E415_P667_87PROT/GGIO2$ST$ACTSO5$general,"0:복귀,1:동작"
E415_P667_87PROT/GGIO2$ST$ACTSO6$general,"0:복귀,1:동작"
E415_P667_87PROT/GGIO2$ST$ACTSO7$general,"0:복귀,1:동작"
E415_P667_87PROT/GGIO2$ST$ACTSO8$general,"0:복귀,1:동작"
E415_P667_87PROT/PDIF1$ST$Op$general,"0:복귀,1:동작"
E415_P667_87PROT/GGIO1$ST$ACTSO5$general,"0:복귀,1:동작"
E415_P667_87PROT/GGIO3$ST$ACTSO1$general,"0:복귀,1:동작"
E415_P667_87PROT/GGIO3$ST$ACTSO2$general,"0:복귀,1:동작"
E415_P667_87PROT/GGIO8$ST$Alm3$stVal,"0:복귀,1:동작"
E415_P667_87PROT/GGIO6$ST$Alm2$stVal,"0:정상,1:비정상"
E415_P667_87PROT/GGIO7$ST$Alm3$stVal,"0:정상,1:비정상"
E415_P667_21PROT/PTRC1$ST$Tr$general,"0:복귀,1:동작"
E415_P667_21PROT/GGIO2$ST$ACTSO6$general,"0:복귀,1:동작"
E415_P667_21PROT/GGIO2$ST$ACTSO7$general,"0:복귀,1:동작"
E415_P667_21PROT/GGIO2$ST$ACTSO8$general,"0:복귀,1:동작"
E415_P667_21PROT/GGIO3$ST$ACTSO1$general,"0:복귀,1:동작"
E415_P667_21PROT/PDIF1$ST$Op$general,"0:복귀,1:동작"
E415_P667_21PROT/GGIO1$ST$ACTSO5$general,"0:복귀,1:동작"
E415_P667_21PROT/GGIO4$ST$ACTSO2$general,"0:복귀,1:동작"
E415_P667_21PROT/GGIO4$ST$ACTSO3$general,"0:복귀,1:동작"
E415_P667_21PROT/GGIO7$ST$Ind1$stVal,"0:복귀,1:동작"
E415_P667_21PROT/GGIO8$ST$Alm8$stVal,"0:정상,1:비정상"
E415_P667_21PROT/GGIO9$ST$Alm1$stVal,"0:정상,1:비정상"
E415_P667_21PROT/PDIS1$ST$Op$general,"0:복귀,1:동작"
E415_P667_21PROT/PDIS2$ST$Op$general,"0:복귀,1:동작"
E415_P667_21PROT/PDIS3$ST$Op$general,"0:복귀,1:동작"
E415_P667_21PROT/GGIO4$ST$ACTSO4$general,"0:복귀,1:동작"
E415_P667_21PROT/GGIO4$ST$ACTSO5$general,"0:복귀,1:동작"
E415_P667_21PROT/GGIO5$ST$Ind1$stVal,"0:복귀,1:발생"
E415_P667_87PROT/GGIO12$ST$Ind1$stVal,"0:복귀,1:발생"
E415_P667_21PROT/GGIO14$ST$Ind1$stVal,"0:복귀,1:발생"
E415_P667_87PROT/GGIO5$ST$Alm2$stVal,"0:복귀,1:발생"
E415_P667_21PROT/GGIO8$ST$Alm2$stVal,"0:복귀,1:발생"
E415_P667_21PROT/TVTR1$ST$FuFail$stVal,"0:복귀,1:발생"
E415_P667_21PROT/GGIO8$ST$Alm6$stVal,"0:복귀,1:발생"
E415_P667_87PROT/GGIO11$ST$Ind2$stVal,"0:복귀,1:발생"
E415_P667_21PROT/GGIO13$ST$Ind1$stVal,"0:복귀,1:발생"
E415_P667_87PROT/RDRE1$ST$RcdMade$stVal,"0:복귀,1:발생"
E415_P667_21PROT/RDRE1$ST$RcdMade$stVal,"0:복귀,1:발생"
E415_P667_87PROT/PTUV2$ST$Str$general,"0:복귀,1:동작"
E415_P667_87PROT/PTOC1$ST$Str$general,"0:복귀,1:동작"
E415_P667_87PROT/PTOC2$ST$Str$general,"0:복귀,1:동작"
E415_P667_87PROT/PTUV3$ST$Str$general,"0:복귀,1:동작"
E415_P667_87PROT/PTOC3$ST$Str$general,"0:복귀,1:동작"
E415_P667_21PROT/PTUV2$ST$Str$general,"0:복귀,1:동작"
E415_P667_21PROT/PTUV3$ST$Str$general,"0:복귀,1:동작"
E415_P667_21PROT/PTOC1$ST$Str$general,"0:복귀,1:동작"
E415_P667_21PROT/PTOC2$ST$Str$general,"0:복귀,1:동작"
E415_P667_21PROT/PTOC3$ST$Str$general,"0:복귀,1:동작"
E415_P667_21PROT/PTOC4$ST$Str$general,"0:복귀,1:동작"
E415_P667_21PROT/PTOC5$ST$Str$general,"0:복귀,1:동작"
E415_P667_21PROT/PTOC6$ST$Str$general,"0:복귀,1:동작"
E415_P667_21PROT/PTOC7$ST$Str$general,"0:복귀,1:동작"
E415_P677_87PROT/LPHD1$ST$PhyHealth$stVal,"1:정상,2:비정상"
E415_P677_21PROT/LPHD1$ST$PhyHealth$stVal,"1:정상,2:알람,3:비정상"
E415_P677_87PROT/XCBR1$ST$Pos$stVal,"00:N/V,01:열림,10:닫힘,11:N/V"
E415_P677_87CTRL/CSWI1$CO$Pos$Oper$ctlVal,1:열림
E415_P677_87PROT/GGIO10$ST$Ind6$stVal,1:운전
E415_P677_87CTRL/CSWI2$CO$Pos$Oper$ctlVal,1:운전
E415_P677_87PROT/GGIO4$ST$Ind3$stVal,1:정지
E415_P677_87CTRL/CSWI3$CO$Pos$Oper$ctlVal,1:정지
E415_P677_21PROT/GGIO12$ST$Ind6$stVal,1:운전
E415_P677_21CTRL/CSWI7$CO$Pos$Oper$ctlVal,1:운전
E415_P677_21PROT/GGIO6$ST$Ind8$stVal,1:정지
E415_P677_21CTRL/CSWI8$CO$Pos$Oper$ctlVal,1:정지
E415_P677_21PROT/GGIO13$ST$Ind4$stVal,1:자동
E415_P677_21CTRL/CSWI3$CO$Pos$Oper$ctlVal,1:자동
E415_P677_21PROT/GGIO13$ST$Ind5$stVal,1:수동
E415_P677_21CTRL/CSWI2$CO$Pos$Oper$ctlVal,1:수동
E415_P677_21PROT/GGIO13$ST$Ind6$stVal,"0:정지,1:운전"
E415_P677_21CTRL/CSWI4$CO$Pos$Oper$ctlVal,"0:정지,1:운전"
E415_P677_21PROT/GGIO13$ST$Ind7$stVal,"0:정지,1:운전"
E415_P677_21CTRL/CSWI5$CO$Pos$Oper$ctlVal,"0:정지,1:운전"
E415_P677_21PROT/GGIO13$ST$Ind8$stVal,"0:운전,1:정지"
E415_P677_21CTRL/CSWI6$CO$Pos$Oper$ctlVal,"0:운전,1:정지"
E415_P677_87PROT/PTRC1$ST$Tr$general,"0:복귀,1:동작"
E415_P677_87PROT/GGIO2$ST$ACTSO5$general,"0:복귀,1:동작"
E415_P677_87PROT/GGIO2$ST$ACTSO6$general,"0:복귀,1:동작"
E415_P677_87PROT/GGIO2$ST$ACTSO7$general,"0:복귀,1:동작"
E415_P677_87PROT/GGIO2$ST$ACTSO8$general,"0:복귀,1:동작"
E415_P677_87PROT/PDIF1$ST$Op$general,"0:복귀,1:동작"
E415_P677_87PROT/GGIO1$ST$ACTSO5$general,"0:복귀,1:동작"
E415_P677_87PROT/GGIO3$ST$ACTSO1$general,"0:복귀,1:동작"
E415_P677_87PROT/GGIO3$ST$ACTSO2$general,"0:복귀,1:동작"
E415_P677_87PROT/GGIO8$ST$Alm3$stVal,"0:복귀,1:동작"
E415_P677_87PROT/GGIO6$ST$Alm2$stVal,"0:정상,1:비정상"
E415_P677_87PROT/GGIO7$ST$Alm3$stVal,"0:정상,1:비정상"
E415_P677_21PROT/PTRC1$ST$Tr$general,"0:복귀,1:동작"
E415_P677_21PROT/GGIO2$ST$ACTSO6$general,"0:복귀,1:동작"
E415_P677_21PROT/GGIO2$ST$ACTSO7$general,"0:복귀,1:동작"
E415_P677_21PROT/GGIO2$ST$ACTSO8$general,"0:복귀,1:동작"
E415_P677_21PROT/GGIO3$ST$ACTSO1$general,"0:복귀,1:동작"
E415_P677_21PROT/PDIF1$ST$Op$general,"0:복귀,1:동작"
E415_P677_21PROT/GGIO1$ST$ACTSO5$general,"0:복귀,1:동작"
E415_P677_21PROT/GGIO4$ST$ACTSO2$general,"0:복귀,1:동작"
E415_P677_21PROT/GGIO4$ST$ACTSO3$general,"0:복귀,1:동작"
E415_P677_21PROT/GGIO7$ST$Ind1$stVal,"0:복귀,1:동작"
E415_P677_21PROT/GGIO8$ST$Alm8$stVal,"0:정상,1:비정상"
E415_P677_21PROT/GGIO9$ST$Alm1$stVal,"0:정상,1:비정상"
E415_P677_21PROT/PDIS1$ST$Op$general,"0:복귀,1:동작"
E415_P677_21PROT/PDIS2$ST$Op$general,"0:복귀,1:동작"
E415_P677_21PROT/PDIS3$ST$Op$general,"0:복귀,1:동작"
E415_P677_21PROT/GGIO4$ST$ACTSO4$general,"0:복귀,1:동작"
E415_P677_21PROT/GGIO4$ST$ACTSO5$general,"0:복귀,1:동작"
E415_P677_21PROT/GGIO5$ST$Ind1$stVal,"0:복귀,1:발생"
E415_P677_87PROT/GGIO12$ST$Ind1$stVal,"0:복귀,1:발생"
E415_P677_21PROT/GGIO14$ST$Ind1$stVal,"0:복귀,1:발생"
E415_P677_87PROT/GGIO5$ST$Alm2$stVal,"0:복귀,1:발생"
E415_P677_21PROT/GGIO8$ST$Alm2$stVal,"0:복귀,1:발생"
E415_P677_21PROT/TVTR1$ST$FuFail$stVal,"0:복귀,1:발생"
E415_P677_21PROT/GGIO8$ST$Alm6$stVal,"0:복귀,1:발생"
E415_P677_87PROT/GGIO11$ST$Ind2$stVal,"0:복귀,1:발생"
E415_P677_21PROT/GGIO13$ST$Ind1$stVal,"0:복귀,1:발생"
E415_P677_87PROT/RDRE1$ST$RcdMade$stVal,"0:복귀,1:발생"
E415_P677_21PROT/RDRE1$ST$RcdMade$stVal,"0:복귀,1:발생"
E415_P677_87PROT/PTUV2$ST$Str$general,"0:복귀,1:동작"
E415_P677_87PROT/PTOC1$ST$Str$general,"0:복귀,1:동작"
E415_P677_87PROT/PTOC2$ST$Str$general,"0:복귀,1:동작"
E415_P677_87PROT/PTUV3$ST$Str$general,"0:복귀,1:동작"
E415_P677_87PROT/PTOC3$ST$Str$general,"0:복귀,1:동작"
E415_P677_21PROT/PTUV2$ST$Str$general,"0:복귀,1:동작"
E415_P677_21PROT/PTUV3$ST$Str$general,"0:복귀,1:동작"
E415_P677_21PROT/PTOC1$ST$Str$general,"0:복귀,1:동작"
E415_P677_21PROT/PTOC2$ST$Str$general,"0:복귀,1:동작"
E415_P677_21PROT/PTOC3$ST$Str$general,"0:복귀,1:동작"
E415_P677_21PROT/PTOC4$ST$Str$general,"0:복귀,1:동작"
E415_P677_21PROT/PTOC5$ST$Str$general,"0:복귀,1:동작"
E415_P677_21PROT/PTOC6$ST$Str$general,"0:복귀,1:동작"
E415_P677_21PROT/PTOC7$ST$Str$general,"0:복귀,1:동작"
E415_P2MTR_87PROT/LPHD0$ST$PhyHealth$stVal,"1:정상2,3:비정상"
E415_P2MTR_51PPROT/LPHD0$ST$PhyHealth$stVal,"1:정상2,3:비정상"
E415_P2MTR_51SPROT/LPHD0$ST$PhyHealth$stVal,"1:정상2,3:비정상"
E415_P2MTR_87CTRL/Line_LCCH1$ST$ChLiv$stVal,0:비정상1:정상
E415_P2MTR_87CTRL/Line_LCCH1$ST$RedChLiv$stVal,0:비정상1:정상
E415_P2MTR_51PCTRL/Line_LCCH1$ST$ChLiv$stVal,0:비정상1:정상
E415_P2MTR_51PCTRL/Line_LCCH1$ST$RedChLiv$stVal,0:비정상1:정상
E415_P2MTR_51SCTRL/Line_LCCH1$ST$ChLiv$stVal,0:비정상1:정상
E415_P2MTR_51SCTRL/Line_LCCH1$ST$RedChLiv$stVal,0:비정상1:정상
E415_P2MTR_87CTRL/GGIO2$ST$SPS$stVal,0:복귀1:동작
E415_P2MTR_87CTRL/XCBR1$ST$Pos$stVal,"0:동작중,1:열림,2:닫힘,3:비정상"
E415_P2MTR_87CTRL/PTRC7$ST$SPS1$stVal,0:복귀1:동작
E415_P2MTR_87CTRL/PTRC7$ST$SPS2$stVal,0:복귀1:동작
E415_P2MTR_87CTRL/PTRC7$ST$SPS3$stVal,0:복귀1:동작
E415_P2MTR_87CTRL/PTRC7$ST$SPS4$stVal,0:복귀1:동작
E415_P2MTR_87CTRL/PDIF8$ST$SPS1$stVal,0:복귀1:동작
E415_P2MTR_87CTRL/GGIO1$ST$SPS1$stVal,0:복귀1:동작
E415_P2MTR_87CTRL/GGIO1$ST$SPS2$stVal,0:복귀1:동작
E415_P2MTR_87CTRL/GGIO1$ST$SPS3$stVal,0:복귀1:동작
E415_P2MTR_87PROT/ID_PTOC1$ST$Str$general,0:복귀1:동작
E415_P2MTR_87CTRL/GGIO1$ST$SPS$stVal,0:복귀1:동작
E415_P2MTR_87CTRL/GGIO9$ST$SPS$stVal,0:불가1:허용
E415_P2MTR_87CTRL/GGIO9$ST$SPS1$stVal,0:복귀1:동작
E415_P2MTR_87PROT/Vx_PTOV1$ST$Op$general,0:복귀1:동작
E415_P2MTR_87PROT/Vx_PTOV3$ST$Op$general,0:복귀1:동작
E415_P2MTR_87PROT/Vx_PTOV4$ST$Op$general,0:복귀1:동작
E415_P2MTR_87CTRL/GGIO3$ST$SPS2$stVal,0:정지1:운전
E415_P2MTR_87CTRL/GGIO3$ST$SPS1$stVal,0:정지1:운전
E415_P2MTR_87CTRL/GGIO4$ST$SPS1$stVal,0:정지1:운전
E415_P2MTR_87CTRL/GGIO4$ST$SPS2$stVal,0:정지1:운전
E415_P2MTR_87CTRL/GGIO4$ST$SPS3$stVal,0:정지1:운전
E415_P2MTR_87CTRL/GGIO2$ST$SPS1$stVal,0:복귀1:동작
E415_P2MTR_87CTRL/GGIO2$ST$SPS5$stVal,0:복귀1:동작
E415_P2MTR_87CTRL/GGIO2$ST$SPS2$stVal,0:복귀1:동작
E415_P2MTR_87DR/DEF_RDRE1$ST$RcdStr$stVal,0:복귀1:동작
E415_P2MTR_87PROT/TR_PDIF1$ST$Beh$stVal,1:ON3:TEST5:OFF
E415_P2MTR_87PROT/TRF_PDIF1$ST$Beh$stVal,1:ON3:TEST5:OFF
E415_P2MTR_87PROT/Vx_PTOV1$ST$Beh$stVal,1:ON3:TEST5:OFF
E415_P2MTR_87PROT/Vx_PTOV3$ST$Beh$stVal,1:ON3:TEST5:OFF
E415_P2MTR_87PROT/Vx_PTOV4$ST$Beh$stVal,1:ON3:TEST5:OFF
E415_P2MTR_87PROT/ID_PTOC1$ST$Beh$stVal,1:ON3:TEST5:OFF
E415_P2MTR_51PPROT/PTRC4$ST$SPS$stVal,0:복귀1:동작
E415_P2MTR_51PPROT/PTRC1$ST$Op$general,0:복귀1:동작
E415_P2MTR_51PPROT/PTRC4$ST$SPS1$stVal,0:복귀1:동작
E415_P2MTR_51PPROT/PTRC4$ST$SPS2$stVal,0:복귀1:동작
E415_P2MTR_51PPROT/PTRC4$ST$SPS3$stVal,0:복귀1:동작
E415_P2MTR_51PPROT/ID_PTOC1$ST$Op$general,0:복귀1:동작
E415_P2MTR_51PPROT/II_PTOC1$ST$Op$general,0:복귀1:동작
E415_P2MTR_51PPROT/ND_PTOC1$ST$Op$general,0:복귀1:동작
E415_P2MTR_51PPROT/NI_PTOC1$ST$Op$general,0:복귀1:동작
E415_P2MTR_51PCTRL/GGIO1$ST$SPS2$stVal,0:복귀1:동작
E415_P2MTR_51PCTRL/GGIO1$ST$SPS1$stVal,0:복귀1:동작
E415_P2MTR_51PDR/DEF_RDRE1$ST$RcdStr$stVal,0:복귀1:동작
E415_P2MTR_51PPROT/ID_PTOC1$ST$Beh$stVal,1:ON3:TEST5:OFF
E415_P2MTR_51PPROT/II_PTOC1$ST$Beh$stVal,1:ON3:TEST5:OFF
E415_P2MTR_51PPROT/ND_PTOC1$ST$Beh$stVal,1:ON3:TEST5:OFF
E415_P2MTR_51PPROT/NI_PTOC1$ST$Beh$stVal,1:ON3:TEST5:OFF
E415_P2MTR_51SCTRL/GGIO1$ST$SPS$stVal,0:복귀1:동작
E415_P2MTR_51SPROT/ID_PTOC4$ST$Str$general,0:복귀1:동작
E415_P2MTR_51SCTRL/GGIO1$ST$SPS2$stVal,0:복귀1:동작
E415_P2MTR_51SCTRL/GGIO1$ST$SPS3$stVal,0:복귀1:동작
E415_P2MTR_51SPROT/PTRC1$ST$Op$general,0:복귀1:동작
E415_P2MTR_51SPROT/PTRC4$ST$SPS1$stVal,0:복귀1:동작
E415_P2MTR_51SPROT/PTRC4$ST$SPS2$stVal,0:복귀1:동작
E415_P2MTR_51SPROT/PTRC4$ST$SPS3$stVal,0:복귀1:동작
E415_P2MTR_51SPROT/II_PTOC1$ST$Op$general,0:복귀1:동작
E415_P2MTR_51SPROT/NI_PTOC1$ST$Op$general,0:복귀1:동작
E415_P2MTR_51SCTRL/GGIO1$ST$SPS4$stVal,0:복귀1:동작
E415_P2MTR_51SCTRL/GGIO1$ST$SPS1$stVal,0:복귀1:동작
E415_P2MTR_51SDR/DEF_RDRE1$ST$RcdStr$stVal,0:복귀1:동작
E415_P2MTR_51SPROT/II_PTOC1$ST$Beh$stVal,1:ON3:TEST5:OFF
E415_P2MTR_51SPROT/NI_PTOC1$ST$Beh$stVal,1:ON3:TEST5:OFF
E415_P2MTR_51SPROT/ID_PTOC4$ST$Beh$stVal,1:ON3:TEST5:OFF
E415_P3MTR_87PROT/LPHD0$ST$PhyHealth$stVal,"1:정상2,3:비정상"
E415_P3MTR_51PPROT/LPHD0$ST$PhyHealth$stVal,"1:정상2,3:비정상"
E415_P3MTR_51SPROT/LPHD0$ST$PhyHealth$stVal,"1:정상2,3:비정상"
E415_P3MTR_87CTRL/Line_LCCH1$ST$ChLiv$stVal,0:비정상1:정상
E415_P3MTR_87CTRL/Line_LCCH1$ST$RedChLiv$stVal,0:비정상1:정상
E415_P3MTR_51PCTRL/Line_LCCH1$ST$ChLiv$stVal,0:비정상1:정상
E415_P3MTR_51PCTRL/Line_LCCH1$ST$RedChLiv$stVal,0:비정상1:정상
E415_P3MTR_51SCTRL/Line_LCCH1$ST$ChLiv$stVal,0:비정상1:정상
E415_P3MTR_51SCTRL/Line_LCCH1$ST$RedChLiv$stVal,0:비정상1:정상
E415_P3MTR_87CTRL/GGIO2$ST$SPS$stVal,0:복귀1:동작
E415_P3MTR_87CTRL/XCBR1$ST$Pos$stVal,"0:동작중,1:열림,2:닫힘,3:비정상"
E415_P3MTR_87CTRL/PTRC7$ST$SPS1$stVal,0:복귀1:동작
E415_P3MTR_87CTRL/PTRC7$ST$SPS2$stVal,0:복귀1:동작
E415_P3MTR_87CTRL/PTRC7$ST$SPS3$stVal,0:복귀1:동작
E415_P3MTR_87CTRL/PTRC7$ST$SPS4$stVal,0:복귀1:동작
E415_P3MTR_87CTRL/PDIF8$ST$SPS1$stVal,0:복귀1:동작
E415_P3MTR_87CTRL/GGIO1$ST$SPS1$stVal,0:복귀1:동작
E415_P3MTR_87CTRL/GGIO1$ST$SPS2$stVal,0:복귀1:동작
E415_P3MTR_87CTRL/GGIO1$ST$SPS3$stVal,0:복귀1:동작
E415_P3MTR_87PROT/ID_PTOC1$ST$Str$general,0:복귀1:동작
E415_P3MTR_87CTRL/GGIO1$ST$SPS$stVal,0:복귀1:동작
E415_P3MTR_87CTRL/GGIO9$ST$SPS$stVal,0:불가1:허용
E415_P3MTR_87CTRL/GGIO9$ST$SPS1$stVal,0:복귀1:동작
E415_P3MTR_87PROT/Vx_PTOV1$ST$Op$general,0:복귀1:동작
E415_P3MTR_87PROT/Vx_PTOV3$ST$Op$general,0:복귀1:동작
E415_P3MTR_87PROT/Vx_PTOV4$ST$Op$general,0:복귀1:동작
E415_P3MTR_87CTRL/GGIO3$ST$SPS2$stVal,0:정지1:운전
E415_P3MTR_87CTRL/GGIO3$ST$SPS1$stVal,0:정지1:운전
E415_P3MTR_87CTRL/GGIO4$ST$SPS1$stVal,0:정지1:운전
E415_P3MTR_87CTRL/GGIO4$ST$SPS2$stVal,0:정지1:운전
E415_P3MTR_87CTRL/GGIO4$ST$SPS3$stVal,0:정지1:운전
E415_P3MTR_87CTRL/GGIO2$ST$SPS1$stVal,0:복귀1:동작
E415_P3MTR_87CTRL/GGIO2$ST$SPS5$stVal,0:복귀1:동작
E415_P3MTR_87CTRL/GGIO2$ST$SPS2$stVal,0:복귀1:동작
E415_P3MTR_87DR/DEF_RDRE1$ST$RcdStr$stVal,0:복귀1:동작
E415_P3MTR_87PROT/TR_PDIF1$ST$Beh$stVal,1:ON3:TEST5:OFF
E415_P3MTR_87PROT/TRF_PDIF1$ST$Beh$stVal,1:ON3:TEST5:OFF
E415_P3MTR_87PROT/Vx_PTOV1$ST$Beh$stVal,1:ON3:TEST5:OFF
E415_P3MTR_87PROT/Vx_PTOV3$ST$Beh$stVal,1:ON3:TEST5:OFF
E415_P3MTR_87PROT/Vx_PTOV4$ST$Beh$stVal,1:ON3:TEST5:OFF
E415_P3MTR_87PROT/ID_PTOC1$ST$Beh$stVal,1:ON3:TEST5:OFF
E415_P3MTR_51PPROT/PTRC4$ST$SPS$stVal,0:복귀1:동작
E415_P3MTR_51PPROT/PTRC1$ST$Op$general,0:복귀1:동작
E415_P3MTR_51PPROT/PTRC4$ST$SPS1$stVal,0:복귀1:동작
E415_P3MTR_51PPROT/PTRC4$ST$SPS2$stVal,0:복귀1:동작
E415_P3MTR_51PPROT/PTRC4$ST$SPS3$stVal,0:복귀1:동작
E415_P3MTR_51PPROT/ID_PTOC1$ST$Op$general,0:복귀1:동작
E415_P3MTR_51PPROT/II_PTOC1$ST$Op$general,0:복귀1:동작
E415_P3MTR_51PPROT/ND_PTOC1$ST$Op$general,0:복귀1:동작
E415_P3MTR_51PPROT/NI_PTOC1$ST$Op$general,0:복귀1:동작
E415_P3MTR_51PCTRL/GGIO1$ST$SPS2$stVal,0:복귀1:동작
E415_P3MTR_51PCTRL/GGIO1$ST$SPS1$stVal,0:복귀1:동작
E415_P3MTR_51PDR/DEF_RDRE1$ST$RcdStr$stVal,0:복귀1:동작
E415_P3MTR_51PPROT/ID_PTOC1$ST$Beh$stVal,1:ON3:TEST5:OFF
E415_P3MTR_51PPROT/II_PTOC1$ST$Beh$stVal,1:ON3:TEST5:OFF
E415_P3MTR_51PPROT/ND_PTOC1$ST$Beh$stVal,1:ON3:TEST5:OFF
E415_P3MTR_51PPROT/NI_PTOC1$ST$Beh$stVal,1:ON3:TEST5:OFF
E415_P3MTR_51SCTRL/GGIO1$ST$SPS$stVal,0:복귀1:동작
E415_P3MTR_51SPROT/ID_PTOC4$ST$Str$general,0:복귀1:동작
E415_P3MTR_51SCTRL/GGIO1$ST$SPS2$stVal,0:복귀1:동작
E415_P3MTR_51SCTRL/GGIO1$ST$SPS3$stVal,0:복귀1:동작
E415_P3MTR_51SPROT/PTRC1$ST$Op$general,0:복귀1:동작
E415_P3MTR_51SPROT/PTRC4$ST$SPS1$stVal,0:복귀1:동작
E415_P3MTR_51SPROT/PTRC4$ST$SPS2$stVal,0:복귀1:동작
E415_P3MTR_51SPROT/PTRC4$ST$SPS3$stVal,0:복귀1:동작
E415_P3MTR_51SPROT/II_PTOC1$ST$Op$general,0:복귀1:동작
E415_P3MTR_51SPROT/NI_PTOC1$ST$Op$general,0:복귀1:동작
E415_P3MTR_51SCTRL/GGIO1$ST$SPS4$stVal,0:복귀1:동작
E415_P3MTR_51SCTRL/GGIO1$ST$SPS1$stVal,0:복귀1:동작
E415_P3MTR_51SDR/DEF_RDRE1$ST$RcdStr$stVal,0:복귀1:동작
E415_P3MTR_51SPROT/II_PTOC1$ST$Beh$stVal,1:ON3:TEST5:OFF
E415_P3MTR_51SPROT/NI_PTOC1$ST$Beh$stVal,1:ON3:TEST5:OFF
E415_P3MTR_51SPROT/ID_PTOC4$ST$Beh$stVal,1:ON3:TEST5:OFF
E415_C4244ALRM/LPHD1$ST$PhyHealth$stVal,1:정상3:비정상
E415_C4244ALRM/COMMGGIO7$ST$Ind01$stVal,0:비정상1:정상
E415_C4244ALRM/COMMGGIO7$ST$Ind02$stVal,0:비정상1:정상
E415_C4244CTRL/LLN0$ST$Loc$stVal,0:Remote1:Local
E415_C4244CTRL/Q0XCBR1$ST$Pos$stVal,0:동작중1:열림2:닫힘3:비정상
E415_C4244CTRL/Q0CSWI1$CO$Pos$Oper$ctlVal,0:열림1:닫힘
E415_C4244CTRL/Q1XSWI1$ST$Pos$stVal,0:동작중1:열림2:닫힘3:비정상
E415_C4244CTRL/Q1CSWI2$CO$Pos$Oper$ctlVal,0:열림1:닫힘
E415_C4244CTRL/Q2XSWI2$ST$Pos$stVal,0:동작중1:열림2:닫힘3:비정상
E415_C4244CTRL/Q2CSWI3$CO$Pos$Oper$ctlVal,0:열림1:닫힘
E415_C4244CTRL/Q91XSWI3$ST$Pos$stVal,0:동작중1:열림2:닫힘3:비정상
E415_C4244ALRM/COUTGGIO2$ST$Ind01$stVal,0:LOCK1:UNLOCK
E415_C4244ALRM/COUTGGIO2$ST$Ind02$stVal,0:LOCK1:UNLOCK
E415_C4244ALRM/COUTGGIO2$ST$Ind03$stVal,0:LOCK1:UNLOCK
E415_C4244ALRM/COUTGGIO2$ST$Ind04$stVal,0:LOCK1:UNLOCK
E415_C4244ALRM/COUTGGIO2$ST$Ind05$stVal,0:LOCK1:UNLOCK
E415_C4244ALRM/COUTGGIO2$ST$Ind06$stVal,0:UNLOCK1:LOCK
E415_C4244CTRL/Q0CILO1$ST$EnaOpn$stVal,0:동작1:복귀
E415_C4244CTRL/Q0CILO1$ST$EnaCls$stVal,0:동작1:복귀
E415_C4244CTRL/Q1CILO2$ST$EnaOpn$stVal,0:동작1:복귀
E415_C4244CTRL/Q1CILO2$ST$EnaCls$stVal,0:동작1:복귀
E415_C4244CTRL/Q2CILO3$ST$EnaOpn$stVal,0:동작1:복귀
E415_C4244CTRL/Q2CILO3$ST$EnaCls$stVal,0:동작1:복귀
E415_C4244CTRL/Q91CILO4$ST$EnaOpn$stVal,0:동작1:복귀
E415_C4244CTRL/Q91CILO4$ST$EnaCls$stVal,0:동작1:복귀
E415_C4244ALRM/PLCGGIO8$ST$Ind49$stVal,0:활선1:사선
E415_C4244ALRM/PLCGGIO8$ST$Ind57$stVal,0:복귀1:동작
E415_C4244ALRM/PLCGGIO8$ST$Ind50$stVal,0:복귀1:동작
E415_C4244ALRM/PLCGGIO8$ST$Ind51$stVal,0:복귀1:동작
E415_C4244ALRM/PLCGGIO8$ST$Ind58$stVal,0:복귀1:동작
E415_C4244ALRM/PLCGGIO8$ST$Ind54$stVal,0:복귀1:동작
E415_C4244ALRM/PLCGGIO8$ST$Ind41$stVal,0:복귀1:동작
E415_C4244ALRM/PLCGGIO8$ST$Ind46$stVal,0:복귀1:동작
E415_C4244ALRM/PLCGGIO8$ST$Ind47$stVal,0:동작1:복귀
E415_C4244ALRM/PLCGGIO8$ST$Ind48$stVal,0:동작1:복귀
E415_C4244ALRM/Q0SIMG1$ST$DenAlm$stVal,0:복귀1:동작
E415_C4244ALRM/Q1SIMG3$ST$DenAlm$stVal,0:복귀1:동작
E415_C4244ALRM/Q2SIMG5$ST$DenAlm$stVal,0:열림1:닫힘
E415_C4244ALRM/GIS1SIMG9$ST$DenAlm$stVal,0:복귀1:동작
E415_C4244ALRM/GIS2SIMG10$ST$DenAlm$stVal,0:복귀1:동작
E415_C4344ALRM/LPHD1$ST$PhyHealth$stVal,1:정상3:비정상
E415_C4344ALRM/COMMGGIO7$ST$Ind01$stVal,0:비정상1:정상
E415_C4344ALRM/COMMGGIO7$ST$Ind02$stVal,0:비정상1:정상
E415_C4344CTRL/LLN0$ST$Loc$stVal,0:Remote1:Local
E415_C4344CTRL/Q0XCBR1$ST$Pos$stVal,0:동작중1:열림2:닫힘3:비정상
E415_C4344CTRL/Q0CSWI1$CO$Pos$Oper$ctlVal,0:열림1:닫힘
E415_C4344CTRL/Q1XSWI1$ST$Pos$stVal,0:동작중1:열림2:닫힘3:비정상
E415_C4344CTRL/Q1CSWI2$CO$Pos$Oper$ctlVal,0:열림1:닫힘
E415_C4344CTRL/Q2XSWI2$ST$Pos$stVal,0:동작중1:열림2:닫힘3:비정상
E415_C4344CTRL/Q2CSWI3$CO$Pos$Oper$ctlVal,0:열림1:닫힘
E415_C4344CTRL/Q91XSWI3$ST$Pos$stVal,0:동작중1:열림2:닫힘3:비정상
E415_C4344ALRM/COUTGGIO2$ST$Ind01$stVal,0:LOCK1:UNLOCK
E415_C4344ALRM/COUTGGIO2$ST$Ind02$stVal,0:LOCK1:UNLOCK
E415_C4344ALRM/COUTGGIO2$ST$Ind03$stVal,0:LOCK1:UNLOCK
E415_C4344ALRM/COUTGGIO2$ST$Ind04$stVal,0:LOCK1:UNLOCK
E415_C4344ALRM/COUTGGIO2$ST$Ind05$stVal,0:LOCK1:UNLOCK
E415_C4344ALRM/COUTGGIO2$ST$Ind06$stVal,0:UNLOCK1:LOCK
E415_C4344CTRL/Q0CILO1$ST$EnaOpn$stVal,0:동작1:복귀
E415_C4344CTRL/Q0CILO1$ST$EnaCls$stVal,0:동작1:복귀
E415_C4344CTRL/Q1CILO2$ST$EnaOpn$stVal,0:동작1:복귀
E415_C4344CTRL/Q1CILO2$ST$EnaCls$stVal,0:동작1:복귀
E415_C4344CTRL/Q2CILO3$ST$EnaOpn$stVal,0:동작1:복귀
E415_C4344CTRL/Q2CILO3$ST$EnaCls$stVal,0:동작1:복귀
E415_C4344CTRL/Q91CILO4$ST$EnaOpn$stVal,0:동작1:복귀
E415_C4344CTRL/Q91CILO4$ST$EnaCls$stVal,0:복귀1:동작
E415_C4344ALRM/PLCGGIO8$ST$Ind49$stVal,0:활선1:사선
E415_C4344ALRM/PLCGGIO8$ST$Ind57$stVal,0:복귀1:동작
E415_C4344ALRM/PLCGGIO8$ST$Ind50$stVal,0:복귀1:동작
E415_C4344ALRM/PLCGGIO8$ST$Ind51$stVal,0:복귀1:동작
E389_C4344ALRM/PLCGGIO8$ST$Ind58$stVal,0:복귀1:동작
E415_C4344ALRM/PLCGGIO8$ST$Ind54$stVal,0:복귀1:동작
E415_C4344ALRM/PLCGGIO8$ST$Ind41$stVal,0:복귀1:동작
E415_C4344ALRM/PLCGGIO8$ST$Ind46$stVal,0:복귀1:동작
E415_C4344ALRM/PLCGGIO8$ST$Ind47$stVal,0:동작1:복귀
E415_C4344ALRM/PLCGGIO8$ST$Ind48$stVal,0:동작1:복귀
E415_C4344ALRM/Q0SIMG1$ST$DenAlm$stVal,0:복귀1:동작
E415_C4344ALRM/Q1SIMG3$ST$DenAlm$stVal,0:복귀1:동작
E415_C4344ALRM/Q2SIMG5$ST$DenAlm$stVal,0:열림1:닫힘
E415_C4344ALRM/GIS1SIMG9$ST$DenAlm$stVal,0:복귀1:동작
E415_C4344ALRM/GIS2SIMG10$ST$DenAlm$stVal,0:복귀1:동작
E415_C4146_PTALRM/LPHD1$ST$PhyHealth$stVal,1:정상3:비정상
E415_C4146_PTALRM/COMMGGIO7$ST$Ind01$stVal,0:비정상1:정상
E415_C4146_PTALRM/COMMGGIO7$ST$Ind02$stVal,0:비정상1:정상
E415_C4146_PTCTRL/LLN0$ST$Loc$stVal,0:Remote1:Local
E415_C4146_PTALRM/PLCGGIO8$ST$Ind52$stVal,0:복귀1:동작
E415_C4146_PTALRM/PLCGGIO8$ST$Ind53$stVal,0:복귀1:동작
E415_C4146_PTALRM/PLCGGIO8$ST$Ind54$stVal,0:복귀1:동작
E415_C4146_PTALRM/PLCGGIO8$ST$Ind55$stVal,0:복귀1:동작
E415_C4146_PTALRM/PLCGGIO8$ST$Ind47$stVal,0:복귀1:동작
E415_C4146_PTALRM/PLCGGIO8$ST$Ind48$stVal,0:복귀1:동작
E415_C4146_PTALRM/PLCGGIO8$ST$Ind41$stVal,0:복귀1:동작
E415_C4146_PTALRM/PLCGGIO8$ST$Ind42$stVal,0:복귀1:동작
E415_C4146_PTALRM/PT1SIMG7$ST$DenAlm$stVal,"0;정상,1:Fail"
E415_C4146_PTALRM/PT2SIMG8$ST$DenAlm$stVal,"0;정상,1:Fail"
E415_C4146_PTALRM/PLCGGIO8$ST$Ind44$stVal,"0;정상,1:Fail"
E415_C4146_PTALRM/PLCGGIO8$ST$Ind45$stVal,"0;정상,1:Fail"
E415_C4247_PTALRM/LPHD1$ST$PhyHealth$stVal,1:정상3:비정상
E415_C4247_PTALRM/COMMGGIO7$ST$Ind01$stVal,0:비정상1:정상
E415_C4247_PTALRM/COMMGGIO7$ST$Ind02$stVal,0:비정상1:정상
E415_C4247_PTCTRL/LLN0$ST$Loc$stVal,0:Remote1:Local
E415_C4247_PTALRM/PLCGGIO8$ST$Ind52$stVal,0:복귀1:동작
E415_C4247_PTALRM/PLCGGIO8$ST$Ind53$stVal,0:복귀1:동작
E415_C4247_PTALRM/PLCGGIO8$ST$Ind54$stVal,0:복귀1:동작
E415_C4247_PTALRM/PLCGGIO8$ST$Ind55$stVal,0:복귀1:동작
E415_C4247_PTALRM/PLCGGIO8$ST$Ind47$stVal,0:복귀1:동작
E415_C4247_PTALRM/PLCGGIO8$ST$Ind48$stVal,0:복귀1:동작
E415_C4247_PTALRM/PLCGGIO8$ST$Ind41$stVal,0:복귀1:동작
E415_C4247_PTALRM/PLCGGIO8$ST$Ind42$stVal,0:복귀1:동작
E415_C4247_PTALRM/PT1SIMG7$ST$DenAlm$stVal,"0;정상,1:Fail"
E415_C4247_PTALRM/PT2SIMG8$ST$DenAlm$stVal,"0;정상,1:Fail"
E415_C4247_PTALRM/PLCGGIO8$ST$Ind44$stVal,"0;정상,1:Fail"
E415_C4247_PTALRM/PLCGGIO8$ST$Ind45$stVal,"0;정상,1:Fail"
E415_C4D7ALRM/LPHD1$ST$PhyHealth$stVal,1:정상3:비정상
E415_C4D7ALRM/COMMGGIO7$ST$Ind01$stVal,0:비정상1:정상
E415_C4D7ALRM/COMMGGIO7$ST$Ind02$stVal,0:비정상1:정상
E415_C4D7CTRL/LLN0$ST$Loc$stVal,0:Remote1:Local
E415_C4D7CTRL/Q0XCBR1$ST$Pos$stVal,0:동작중1:열림2:닫힘3:비정상
E415_C4D7CTRL/Q0CSWI1$CO$Pos$Oper$ctlVal,0:열림1:닫힘
E415_C4D7CTRL/Q1XSWI1$ST$Pos$stVal,0:동작중1:열림2:닫힘3:비정상
E415_C4D7CTRL/Q1CSWI2$CO$Pos$Oper$ctlVal,0:열림1:닫힘
E415_C4D7CTRL/Q2XSWI2$ST$Pos$stVal,0:동작중1:열림2:닫힘3:비정상
E415_C4D7CTRL/Q2CSWI3$CO$Pos$Oper$ctlVal,0:열림1:닫힘
E415_C4D7CTRL/Q91XSWI3$ST$Pos$stVal,0:동작중1:열림2:닫힘3:비정상
E415_C4D7CTRL/CTLGGIO1$ST$SPCSO32$stVal,0:정지1:운전
E415_C4D7CTRL/Q0CILO1$ST$EnaOpn$stVal,0:동작1:복귀
E415_C4D7CTRL/Q0CILO1$ST$EnaCls$stVal,0:동작1:복귀
E415_C4D7CTRL/Q1CILO2$ST$EnaOpn$stVal,0:동작1:복귀
E415_C4D7CTRL/Q1CILO2$ST$EnaCls$stVal,0:동작1:복귀
E415_C4D7CTRL/Q2CILO3$ST$EnaOpn$stVal,0:동작1:복귀
E415_C4D7CTRL/Q2CILO3$ST$EnaCls$stVal,0:동작1:복귀
E415_C4D7CTRL/Q91CILO4$ST$EnaOpn$stVal,0:동작1:복귀
E415_C4D7CTRL/Q91CILO4$ST$EnaCls$stVal,0:동작1:복귀
E415_C4D7ALRM/PLCGGIO8$ST$Ind49$stVal,0:활선1:사선
E415_C4D7ALRM/PLCGGIO8$ST$Ind57$stVal,0:복귀1:동작
E415_C4D7PROT/PTRC1$ST$Tr$general,0:복귀1:동작
E415_C4D7PROT/PTRC1$ST$Tr$phsA,0:복귀1:동작
E415_C4D7PROT/PTRC1$ST$Tr$phsB,0:복귀1:동작
E415_C4D7PROT/PTRC1$ST$Tr$phsC,0:복귀1:동작
E415_C4D7PROT/PTRC1$ST$Tr$neut,0:복귀1:동작
E415_C4D7ALRM/PLCGGIO8$ST$Ind55$stVal,0:복귀1:동작
E415_C4D7PROT/PIOC1$ST$Op$general,0:복귀1:동작
E415_C4D7PROT/PTOC1$ST$Op$general,0:복귀1:동작
E415_C4D7PROT/PIOC4$ST$Op$general,0:복귀1:동작
E415_C4D7PROT/PTOC7$ST$Op$general,0:복귀1:동작
E415_C4D7ALRM/PLCGGIO8$ST$Ind59$stVal,0:복귀1:동작
E415_C4D7PROT/RREC1$ST$AutoRecSt$stVal,1:준비2:동작3:성공
E415_C4D7ALRM/PLCGGIO8$ST$Ind56$stVal,0:복귀1:동작
E415_C4D7ALRM/PLCGGIO8$ST$Ind50$stVal,0:복귀1:동작
E415_C4D7ALRM/PLCGGIO8$ST$Ind51$stVal,0:복귀1:동작
E415_C4D7PROT/RDRE1$ST$RcdMade$stVal,0:복귀1:동작
E415_C4D7ALRM/PLCGGIO8$ST$Ind58$stVal,0:복귀1:동작
E415_C4D7ALRM/PLCGGIO8$ST$Ind54$stVal,0:복귀1:동작
E415_C4D7ALRM/PLCGGIO8$ST$Ind41$stVal,0:복귀1:동작
E415_C4D7ALRM/PLCGGIO8$ST$Ind46$stVal,0:복귀1:동작
E415_C4D7ALRM/PLCGGIO8$ST$Ind47$stVal,0:동작1:복귀
E415_C4D7ALRM/PLCGGIO8$ST$Ind48$stVal,0:동작1:복귀
E415_C4D7ALRM/Q0SIMG1$ST$DenAlm$stVal,0:복귀1:동작
E415_C4D7ALRM/Q1SIMG3$ST$DenAlm$stVal,0:복귀1:동작
E415_C4D7ALRM/Q2SIMG5$ST$DenAlm$stVal,0:열림1:닫힘
E415_C4D7ALRM/GIS1SIMG9$ST$DenAlm$stVal,0:복귀1:동작
E415_C4D7ALRM/GIS2SIMG10$ST$DenAlm$stVal,0:복귀1:동작
E415_C4F7ALRM/LPHD1$ST$PhyHealth$stVal,1:정상3:비정상
E415_C4F7ALRM/COMMGGIO7$ST$Ind01$stVal,0:비정상1:정상
E415_C4F7ALRM/COMMGGIO7$ST$Ind02$stVal,0:비정상1:정상
E415_C4F7CTRL/LLN0$ST$Loc$stVal,0:Remote1:Local
E415_C4F7CTRL/Q0XCBR1$ST$Pos$stVal,0:동작중1:열림2:닫힘3:비정상
E415_C4F7CTRL/Q0CSWI1$CO$Pos$Oper$ctlVal,0:열림1:닫힘
E415_C4F7CTRL/Q1XSWI1$ST$Pos$stVal,0:동작중1:열림2:닫힘3:비정상
E415_C4F7CTRL/Q1CSWI2$CO$Pos$Oper$ctlVal,0:열림1:닫힘
E415_C4F7CTRL/Q2XSWI2$ST$Pos$stVal,0:동작중1:열림2:닫힘3:비정상
E415_C4F7CTRL/Q2CSWI3$CO$Pos$Oper$ctlVal,0:열림1:닫힘
E415_C4F7CTRL/Q91XSWI3$ST$Pos$stVal,0:동작중1:열림2:닫힘3:비정상
E415_C4F7CTRL/CTLGGIO1$ST$SPCSO32$stVal,0:정지1:운전
E415_C4F7CTRL/Q0CILO1$ST$EnaOpn$stVal,0:동작1:복귀
E415_C4F7CTRL/Q0CILO1$ST$EnaCls$stVal,0:동작1:복귀
E415_C4F7CTRL/Q1CILO2$ST$EnaOpn$stVal,0:동작1:복귀
E415_C4F7CTRL/Q1CILO2$ST$EnaCls$stVal,0:동작1:복귀
E415_C4F7CTRL/Q2CILO3$ST$EnaOpn$stVal,0:동작1:복귀
E415_C4F7CTRL/Q2CILO3$ST$EnaCls$stVal,0:동작1:복귀
E415_C4F7CTRL/Q91CILO4$ST$EnaOpn$stVal,0:동작1:복귀
E415_C4F7CTRL/Q91CILO4$ST$EnaCls$stVal,0:동작1:복귀
E415_C4F7ALRM/PLCGGIO8$ST$Ind49$stVal,0:활선1:사선
E415_C4F7ALRM/PLCGGIO8$ST$Ind57$stVal,0:복귀1:동작
E415_C4F7PROT/PTRC1$ST$Tr$general,0:복귀1:동작
E415_C4F7PROT/PTRC1$ST$Tr$phsA,0:복귀1:동작
E415_C4F7PROT/PTRC1$ST$Tr$phsB,0:복귀1:동작
E415_C4F7PROT/PTRC1$ST$Tr$phsC,0:복귀1:동작
E415_C4F7PROT/PTRC1$ST$Tr$neut,0:복귀1:동작
E415_C4F7ALRM/PLCGGIO8$ST$Ind55$stVal,0:복귀1:동작
E415_C4F7PROT/PIOC1$ST$Op$general,0:복귀1:동작
E415_C4F7PROT/PTOC1$ST$Op$general,0:복귀1:동작
E415_C4F7PROT/PIOC4$ST$Op$general,0:복귀1:동작
E415_C4F7PROT/PTOC7$ST$Op$general,0:복귀1:동작
E415_C4F7ALRM/PLCGGIO8$ST$Ind59$stVal,0:복귀1:동작
E415_C4F7PROT/RREC1$ST$AutoRecSt$stVal,1:준비2:동작3:성공
E415_C4F7ALRM/PLCGGIO8$ST$Ind56$stVal,0:복귀1:동작
E415_C4F7ALRM/PLCGGIO8$ST$Ind50$stVal,0:복귀1:동작
E415_C4F7ALRM/PLCGGIO8$ST$Ind51$stVal,0:복귀1:동작
E415_C4F7PROT/RDRE1$ST$RcdMade$stVal,0:복귀1:동작
E415_C4F7ALRM/PLCGGIO8$ST$Ind58$stVal,0:복귀1:동작
E415_C4F7ALRM/PLCGGIO8$ST$Ind54$stVal,0:복귀1:동작
E415_C4F7ALRM/PLCGGIO8$ST$Ind41$stVal,0:복귀1:동작
E415_C4F7ALRM/PLCGGIO8$ST$Ind46$stVal,0:복귀1:동작
E415_C4F7ALRM/PLCGGIO8$ST$Ind47$stVal,0:동작1:복귀
E415_C4F7ALRM/PLCGGIO8$ST$Ind48$stVal,0:동작1:복귀
E415_C4F7ALRM/Q0SIMG1$ST$DenAlm$stVal,0:복귀1:동작
E415_C4F7ALRM/Q1SIMG3$ST$DenAlm$stVal,0:복귀1:동작
E415_C4F7ALRM/Q2SIMG5$ST$DenAlm$stVal,0:열림1:닫힘
E415_C4F7ALRM/GIS1SIMG9$ST$DenAlm$stVal,0:복귀1:동작
E415_C4F7ALRM/GIS2SIMG10$ST$DenAlm$stVal,0:복귀1:동작
E415_C4G7ALRM/LPHD1$ST$PhyHealth$stVal,1:정상3:비정상
E415_C4G7ALRM/COMMGGIO7$ST$Ind01$stVal,0:비정상1:정상
E415_C4G7ALRM/COMMGGIO7$ST$Ind02$stVal,0:비정상1:정상
E415_C4G7CTRL/LLN0$ST$Loc$stVal,0:Remote1:Local
E415_C4G7CTRL/Q0XCBR1$ST$Pos$stVal,0:동작중1:열림2:닫힘3:비정상
E415_C4G7CTRL/Q0CSWI1$CO$Pos$Oper$ctlVal,0:열림1:닫힘
E415_C4G7CTRL/Q1XSWI1$ST$Pos$stVal,0:동작중1:열림2:닫힘3:비정상
E415_C4G7CTRL/Q1CSWI2$CO$Pos$Oper$ctlVal,0:열림1:닫힘
E415_C4G7CTRL/Q2XSWI2$ST$Pos$stVal,0:동작중1:열림2:닫힘3:비정상
E415_C4G7CTRL/Q2CSWI3$CO$Pos$Oper$ctlVal,0:열림1:닫힘
E415_C4G7CTRL/Q91XSWI3$ST$Pos$stVal,0:동작중1:열림2:닫힘3:비정상
E415_C4G7CTRL/CTLGGIO1$ST$SPCSO32$stVal,0:정지1:운전
E415_C4G7CTRL/Q0CILO1$ST$EnaOpn$stVal,0:동작1:복귀
E415_C4G7CTRL/Q0CILO1$ST$EnaCls$stVal,0:동작1:복귀
E415_C4G7CTRL/Q1CILO2$ST$EnaOpn$stVal,0:동작1:복귀
E415_C4G7CTRL/Q1CILO2$ST$EnaCls$stVal,0:동작1:복귀
E415_C4G7CTRL/Q2CILO3$ST$EnaOpn$stVal,0:동작1:복귀
E415_C4G7CTRL/Q2CILO3$ST$EnaCls$stVal,0:동작1:복귀
E415_C4G7CTRL/Q91CILO4$ST$EnaOpn$stVal,0:동작1:복귀
E415_C4G7CTRL/Q91CILO4$ST$EnaCls$stVal,0:동작1:복귀
E415_C4G7ALRM/PLCGGIO8$ST$Ind49$stVal,0:활선1:사선
E415_C4G7ALRM/PLCGGIO8$ST$Ind57$stVal,0:복귀1:동작
E415_C4G7PROT/PTRC1$ST$Tr$general,0:복귀1:동작
E415_C4G7PROT/PTRC1$ST$Tr$phsA,0:복귀1:동작
E415_C4G7PROT/PTRC1$ST$Tr$phsB,0:복귀1:동작
E415_C4G7PROT/PTRC1$ST$Tr$phsC,0:복귀1:동작
E415_C4G7PROT/PTRC1$ST$Tr$neut,0:복귀1:동작
E415_C4G7ALRM/PLCGGIO8$ST$Ind55$stVal,0:복귀1:동작
E415_C4G7PROT/PIOC1$ST$Op$general,0:복귀1:동작
E415_C4G7PROT/PTOC1$ST$Op$general,0:복귀1:동작
E415_C4G7PROT/PIOC4$ST$Op$general,0:복귀1:동작
E415_C4G7PROT/PTOC7$ST$Op$general,0:복귀1:동작
E415_C4G7ALRM/PLCGGIO8$ST$Ind59$stVal,0:복귀1:동작
E415_C4G7PROT/RREC1$ST$AutoRecSt$stVal,1:준비2:동작3:성공
E415_C4G7ALRM/PLCGGIO8$ST$Ind56$stVal,0:복귀1:동작
E415_C4G7ALRM/PLCGGIO8$ST$Ind50$stVal,0:복귀1:동작
E415_C4G7ALRM/PLCGGIO8$ST$Ind51$stVal,0:복귀1:동작
E415_C4G7PROT/RDRE1$ST$RcdMade$stVal,0:복귀1:동작
E415_C4G7ALRM/PLCGGIO8$ST$Ind58$stVal,0:복귀1:동작
E415_C4G7ALRM/PLCGGIO8$ST$Ind54$stVal,0:복귀1:동작
E415_C4G7ALRM/PLCGGIO8$ST$Ind41$stVal,0:복귀1:동작
E415_C4G7ALRM/PLCGGIO8$ST$Ind46$stVal,0:복귀1:동작
E415_C4G7ALRM/PLCGGIO8$ST$Ind47$stVal,0:동작1:복귀
E415_C4G7ALRM/PLCGGIO8$ST$Ind48$stVal,0:동작1:복귀
E415_C4G7ALRM/Q0SIMG1$ST$DenAlm$stVal,0:복귀1:동작
E415_C4G7ALRM/Q1SIMG3$ST$DenAlm$stVal,0:복귀1:동작
E415_C4G7ALRM/Q2SIMG5$ST$DenAlm$stVal,0:열림1:닫힘
E415_C4G7ALRM/GIS1SIMG9$ST$DenAlm$stVal,0:복귀1:동작
E415_C4G7ALRM/GIS2SIMG10$ST$DenAlm$stVal,0:복귀1:동작
E415_C4189ALRM/LPHD1$ST$PhyHealth$stVal,1:정상3:비정상
E415_C4189ALRM/COMMGGIO7$ST$Ind01$stVal,0:비정상1:정상
E415_C4189ALRM/COMMGGIO7$ST$Ind02$stVal,0:비정상1:정상
E415_C4189CTRL/LLN0$ST$Loc$stVal,0:Remote1:Local
E415_C4189CTRL/Q0XCBR1$ST$Pos$stVal,0:동작중1:열림2:닫힘3:비정상
E415_C4189CTRL/Q0CSWI1$CO$Pos$Oper$ctlVal,0:열림1:닫힘
E415_C4189CTRL/Q1XSWI1$ST$Pos$stVal,0:동작중1:열림2:닫힘3:비정상
E415_C4189CTRL/Q1CSWI2$CO$Pos$Oper$ctlVal,0:열림1:닫힘
E415_C4189CTRL/Q2XSWI2$ST$Pos$stVal,0:동작중1:열림2:닫힘3:비정상
E415_C4189CTRL/Q2CSWI3$CO$Pos$Oper$ctlVal,0:열림1:닫힘
E415_C4189CTRL/Q91XSWI3$ST$Pos$stVal,0:동작중1:열림2:닫힘3:비정상
E415_C4189CTRL/Q0CILO1$ST$EnaOpn$stVal,0:동작1:복귀
E415_C4189CTRL/Q0CILO1$ST$EnaCls$stVal,0:동작1:복귀
E415_C4189CTRL/Q1CILO2$ST$EnaOpn$stVal,0:동작1:복귀
E415_C4189CTRL/Q1CILO2$ST$EnaCls$stVal,0:동작1:복귀
E415_C4189CTRL/Q2CILO3$ST$EnaOpn$stVal,0:동작1:복귀
E415_C4189CTRL/Q2CILO3$ST$EnaCls$stVal,0:동작1:복귀
E415_C4189CTRL/Q91CILO4$ST$EnaOpn$stVal,0:동작1:복귀
E415_C4189CTRL/Q91CILO4$ST$EnaCls$stVal,0:동작1:복귀
E415_C4189ALRM/PLCGGIO8$ST$Ind49$stVal,0:복귀1:동작
E415_C4189ALRM/PLCGGIO8$ST$Ind57$stVal,0:복귀1:동작
E415_C4189PROT/PTRC1$ST$Tr$general,0:복귀1:동작
E415_C4189PROT/PTRC1$ST$Tr$phsA,0:복귀1:동작
E415_C4189PROT/PTRC1$ST$Tr$phsB,0:복귀1:동작
E415_C4189PROT/PTRC1$ST$Tr$phsC,0:복귀1:동작
E415_C4189PROT/PTRC1$ST$Tr$neut,0:복귀1:동작
E415_C4189PROT/PIOC1$ST$Op$general,0:복귀1:동작
E415_C4189PROT/PTOC1$ST$Op$general,0:복귀1:동작
E415_C4189PROT/PIOC4$ST$Op$general,0:복귀1:동작
E415_C4189PROT/PTOC7$ST$Op$general,0:복귀1:동작
E415_C4189ALRM/PLCGGIO8$ST$Ind59$stVal,0:복귀1:동작
E415_C4189ALRM/PLCGGIO8$ST$Ind52$stVal,0:복귀1:동작
E415_C4189ALRM/PLCGGIO8$ST$Ind53$stVal,0:복귀1:동작
E415_C4189ALRM/PLCGGIO8$ST$Ind50$stVal,0:복귀1:동작
E415_C4189ALRM/PLCGGIO8$ST$Ind51$stVal,0:복귀1:동작
E415_C4189PROT/RDRE1$ST$RcdMade$stVal,0:복귀1:동작
E415_C4189ALRM/PLCGGIO8$ST$Ind58$stVal,0:복귀1:동작
E415_C4189ALRM/PLCGGIO8$ST$Ind54$stVal,0:복귀1:동작
E415_C4189ALRM/PLCGGIO8$ST$Ind41$stVal,0:복귀1:동작
E415_C4189ALRM/PLCGGIO8$ST$Ind46$stVal,0:복귀1:동작
E415_C4189ALRM/PLCGGIO8$ST$Ind47$stVal,0:동작1:복귀
E415_C4189ALRM/PLCGGIO8$ST$Ind48$stVal,0:동작1:복귀
E415_C4189ALRM/Q0SIMG1$ST$DenAlm$stVal,0:복귀1:동작
E415_C4189ALRM/Q1SIMG3$ST$DenAlm$stVal,0:복귀1:동작
E415_C4189ALRM/Q2SIMG5$ST$DenAlm$stVal,0:열림1:닫힘
E415_C4189ALRM/GIS1SIMG9$ST$DenAlm$stVal,0:복귀1:동작
E415_C4189ALRM/GIS2SIMG10$ST$DenAlm$stVal,0:복귀1:동작
E415_C4289ALRM/LPHD1$ST$PhyHealth$stVal,1:정상3:비정상
E415_C4289ALRM/COMMGGIO7$ST$Ind01$stVal,0:비정상1:정상
E415_C4289ALRM/COMMGGIO7$ST$Ind02$stVal,0:비정상1:정상
E415_C4289CTRL/LLN0$ST$Loc$stVal,0:Remote1:Local
E415_C4289CTRL/Q0XCBR1$ST$Pos$stVal,0:동작중1:열림2:닫힘3:비정상
E415_C4289CTRL/Q0CSWI1$CO$Pos$Oper$ctlVal,0:열림1:닫힘
E415_C4289CTRL/Q1XSWI1$ST$Pos$stVal,0:동작중1:열림2:닫힘3:비정상
E415_C4289CTRL/Q1CSWI2$CO$Pos$Oper$ctlVal,0:열림1:닫힘
E415_C4289CTRL/Q2XSWI2$ST$Pos$stVal,0:동작중1:열림2:닫힘3:비정상
E415_C4289CTRL/Q2CSWI3$CO$Pos$Oper$ctlVal,0:열림1:닫힘
E415_C4289CTRL/Q91XSWI3$ST$Pos$stVal,0:동작중1:열림2:닫힘3:비정상
E415_C4289CTRL/Q0CILO1$ST$EnaOpn$stVal,0:동작1:복귀
E415_C4289CTRL/Q0CILO1$ST$EnaCls$stVal,0:동작1:복귀
E415_C4289CTRL/Q1CILO2$ST$EnaOpn$stVal,0:동작1:복귀
E415_C4289CTRL/Q1CILO2$ST$EnaCls$stVal,0:동작1:복귀
E415_C4289CTRL/Q2CILO3$ST$EnaOpn$stVal,0:동작1:복귀
E415_C4289CTRL/Q2CILO3$ST$EnaCls$stVal,0:동작1:복귀
E415_C4289CTRL/Q91CILO4$ST$EnaOpn$stVal,0:동작1:복귀
E415_C4289CTRL/Q91CILO4$ST$EnaCls$stVal,0:동작1:복귀
E415_C4289ALRM/PLCGGIO8$ST$Ind49$stVal,0:복귀1:동작
E415_C4289ALRM/PLCGGIO8$ST$Ind57$stVal,0:복귀1:동작
E415_C4289PROT/PTRC1$ST$Tr$general,0:복귀1:동작
E415_C4289PROT/PTRC1$ST$Tr$phsA,0:복귀1:동작
E415_C4289PROT/PTRC1$ST$Tr$phsB,0:복귀1:동작
E415_C4289PROT/PTRC1$ST$Tr$phsC,0:복귀1:동작
E415_C4289PROT/PTRC1$ST$Tr$neut,0:복귀1:동작
E415_C4289PROT/PIOC1$ST$Op$general,0:복귀1:동작
E415_C4289PROT/PTOC1$ST$Op$general,0:복귀1:동작
E415_C4289PROT/PIOC4$ST$Op$general,0:복귀1:동작
E415_C4289PROT/PTOC7$ST$Op$general,0:복귀1:동작
E415_C4289ALRM/PLCGGIO8$ST$Ind59$stVal,0:복귀1:동작
E415_C4289ALRM/PLCGGIO8$ST$Ind52$stVal,0:복귀1:동작
E415_C4289ALRM/PLCGGIO8$ST$Ind53$stVal,0:복귀1:동작
E415_C4289ALRM/PLCGGIO8$ST$Ind50$stVal,0:복귀1:동작
E415_C4289ALRM/PLCGGIO8$ST$Ind51$stVal,0:복귀1:동작
E415_C4289PROT/RDRE1$ST$RcdMade$stVal,0:복귀1:동작
E415_C4289ALRM/PLCGGIO8$ST$Ind58$stVal,0:복귀1:동작
E415_C4289ALRM/PLCGGIO8$ST$Ind54$stVal,0:복귀1:동작
E415_C4289ALRM/PLCGGIO8$ST$Ind41$stVal,0:복귀1:동작
E415_C4289ALRM/PLCGGIO8$ST$Ind46$stVal,0:복귀1:동작
E415_C4289ALRM/PLCGGIO8$ST$Ind47$stVal,0:동작1:복귀
E415_C4289ALRM/PLCGGIO8$ST$Ind48$stVal,0:동작1:복귀
E415_C4289ALRM/Q0SIMG1$ST$DenAlm$stVal,0:복귀1:동작
E415_C4289ALRM/Q1SIMG3$ST$DenAlm$stVal,0:복귀1:동작
E415_C4289ALRM/Q2SIMG5$ST$DenAlm$stVal,0:열림1:닫힘
E415_C4289ALRM/GIS1SIMG9$ST$DenAlm$stVal,0:복귀1:동작
E415_C4289ALRM/GIS2SIMG10$ST$DenAlm$stVal,0:복귀1:동작
E415_C4200ALRM/LPHD1$ST$PhyHealth$stVal,1:정상3:비정상
E415_C4200ALRM/COMMGGIO7$ST$Ind01$stVal,0:비정상1:정상
E415_C4200ALRM/COMMGGIO7$ST$Ind02$stVal,0:비정상1:정상
E415_C4200CTRL/LLN0$ST$Loc$stVal,0:Remote1:Local
E415_C4200CTRL/Q0XCBR1$ST$Pos$stVal,0:동작중1:열림2:닫힘3:비정상
E415_C4200CTRL/Q0CSWI1$CO$Pos$Oper$ctlVal,0:열림1:닫힘
E415_C4200CTRL/Q1XSWI1$ST$Pos$stVal,0:동작중1:열림2:닫힘3:비정상
E415_C4200CTRL/Q1CSWI2$CO$Pos$Oper$ctlVal,0:열림1:닫힘
E415_C4200CTRL/Q2XSWI2$ST$Pos$stVal,0:동작중1:열림2:닫힘3:비정상
E415_C4200CTRL/Q2CSWI3$CO$Pos$Oper$ctlVal,0:열림1:닫힘
E415_C4200CTRL/Q91XSWI3$ST$Pos$stVal,0:동작중1:열림2:닫힘3:비정상
E415_C4200CTRL/Q92XSWI4$ST$Pos$stVal,0:정지1:운전
E415_C4200CTRL/Q0CILO1$ST$EnaCls$stVal,0:복귀1:동작
E415_C4200CTRL/Q1CILO2$ST$EnaOpn$stVal,0:복귀1:동작
E415_C4200CTRL/Q1CILO2$ST$EnaCls$stVal,0:복귀1:동작
E415_C4200CTRL/Q2CILO3$ST$EnaOpn$stVal,0:복귀1:동작
E415_C4200CTRL/Q2CILO3$ST$EnaCls$stVal,0:복귀1:동작
E415_C4200CTRL/Q91CILO4$ST$EnaOpn$stVal,0:복귀1:동작
E415_C4200CTRL/Q91CILO4$ST$EnaCls$stVal,0:복귀1:동작
E415_C4200CTRL/Q92CILO5$ST$EnaOpn$stVal,0:복귀1:동작
E415_C4200CTRL/Q92CILO5$ST$EnaCls$stVal,0:복귀1:동작
E415_C4200ALRM/PLCGGIO8$ST$Ind50$stVal,0:복귀1:동작
E415_C4200ALRM/PLCGGIO8$ST$Ind51$stVal,0:복귀1:동작
E415_C4200ALRM/PLCGGIO8$ST$Ind58$stVal,0:복귀1:동작
E415_C4200ALRM/PLCGGIO8$ST$Ind54$stVal,0:복귀1:동작
E415_C4200ALRM/PLCGGIO8$ST$Ind41$stVal,0:복귀1:동작
E415_C4200ALRM/PLCGGIO8$ST$Ind46$stVal,0:복귀1:동작
E415_C4200ALRM/PLCGGIO8$ST$Ind47$stVal,0:복귀1:동작
E415_C4200ALRM/PLCGGIO8$ST$Ind48$stVal,0:복귀1:동작
E415_C4200ALRM/Q0SIMG1$ST$DenAlm$stVal,0:복귀1:동작
E415_C4200ALRM/Q1SIMG3$ST$DenAlm$stVal,0:복귀1:동작
E415_C4200ALRM/Q2SIMG5$ST$DenAlm$stVal,0:복귀1:동작
E415_C4200ALRM/GIS1SIMG9$ST$DenAlm$stVal,1:복귀1:동작
E415_C4200ALRM/GIS2SIMG10$ST$DenAlm$stVal,1:복귀1:동작
E415_C4142ALRM/LPHD1$ST$PhyHealth$stVal,1:정상3:비정상
E415_C4142ALRM/COMMGGIO7$ST$Ind01$stVal,0:비정상1:정상
E415_C4142ALRM/COMMGGIO7$ST$Ind02$stVal,0:비정상1:정상
E415_C4142CTRL/LLN0$ST$Loc$stVal,0:Remote1:Local
E415_C4142CTRL/Q0XCBR1$ST$Pos$stVal,0:동작중1:열림2:닫힘3:비정상
E415_C4142CTRL/Q0CSWI1$CO$Pos$Oper$ctlVal,0:열림1:닫힘
E415_C4142CTRL/Q1XSWI1$ST$Pos$stVal,0:동작중1:열림2:닫힘3:비정상
E415_C4142CTRL/Q1CSWI2$CO$Pos$Oper$ctlVal,0:열림1:닫힘
E415_C4142CTRL/Q2XSWI2$ST$Pos$stVal,0:동작중1:열림2:닫힘3:비정상
E415_C4142CTRL/Q2CSWI3$CO$Pos$Oper$ctlVal,0:열림1:닫힘
E415_C4142CTRL/Q91XSWI3$ST$Pos$stVal,0:동작중1:열림2:닫힘3:비정상
E415_C4142CTRL/Q92XSWI4$ST$Pos$stVal,0:정지1:운전
E415_C4142CTRL/Q0CILO1$ST$EnaOpn$stVal,0:동작1:복귀
E415_C4142CTRL/Q0CILO1$ST$EnaCls$stVal,0:동작1:복귀
E415_C4142CTRL/Q1CILO2$ST$EnaOpn$stVal,0:동작1:복귀
E415_C4142CTRL/Q1CILO2$ST$EnaCls$stVal,0:동작1:복귀
E415_C4142CTRL/Q2CILO3$ST$EnaOpn$stVal,0:동작1:복귀
E415_C4142CTRL/Q2CILO3$ST$EnaCls$stVal,0:동작1:복귀
E415_C4142CTRL/Q91CILO4$ST$EnaOpn$stVal,0:동작1:복귀
E415_C4142CTRL/Q91CILO4$ST$EnaCls$stVal,0:동작1:복귀
E415_C4142CTRL/Q92CILO5$ST$EnaOpn$stVal,0:동작1:복귀
E415_C4142CTRL/Q92CILO5$ST$EnaCls$stVal,0:동작1:복귀
E415_C4142ALRM/PLCGGIO8$ST$Ind50$stVal,0:복귀1:동작
E415_C4142ALRM/PLCGGIO8$ST$Ind51$stVal,0:복귀1:동작
E415_C4142ALRM/PLCGGIO8$ST$Ind58$stVal,0:복귀1:동작
E415_C4142ALRM/PLCGGIO8$ST$Ind54$stVal,0:복귀1:동작
E415_C4142ALRM/PLCGGIO8$ST$Ind41$stVal,0:복귀1:동작
E415_C4142ALRM/PLCGGIO8$ST$Ind46$stVal,0:복귀1:동작
E415_C4142ALRM/PLCGGIO8$ST$Ind47$stVal,0:동작1:복귀
E415_C4142ALRM/PLCGGIO8$ST$Ind48$stVal,0:동작1:복귀
E415_C4142ALRM/Q0SIMG1$ST$DenAlm$stVal,0:복귀1:동작
E415_C4142ALRM/Q1SIMG3$ST$DenAlm$stVal,0:복귀1:동작
E415_C4142ALRM/Q2SIMG5$ST$DenAlm$stVal,0:열림1:닫힘
E415_C4142ALRM/GIS1SIMG9$ST$DenAlm$stVal,0:복귀1:동작
E415_C4142ALRM/GIS2SIMG10$ST$DenAlm$stVal,0:복귀1:동작
E415_C4647ALRM/LPHD1$ST$PhyHealth$stVal,1:정상3:비정상
E415_C4647ALRM/COMMGGIO7$ST$Ind01$stVal,0:비정상1:정상
E415_C4647ALRM/COMMGGIO7$ST$Ind02$stVal,0:비정상1:정상
E415_C4647CTRL/LLN0$ST$Loc$stVal,0:Remote1:Local
E415_C4647CTRL/Q0XCBR1$ST$Pos$stVal,0:동작중1:열림2:닫힘3:비정상
E415_C4647CTRL/Q0CSWI1$CO$Pos$Oper$ctlVal,0:열림1:닫힘
E415_C4647CTRL/Q1XSWI1$ST$Pos$stVal,0:동작중1:열림2:닫힘3:비정상
E415_C4647CTRL/Q1CSWI2$CO$Pos$Oper$ctlVal,0:열림1:닫힘
E415_C4647CTRL/Q2XSWI2$ST$Pos$stVal,0:동작중1:열림2:닫힘3:비정상
E415_C4647CTRL/Q2CSWI3$CO$Pos$Oper$ctlVal,0:열림1:닫힘
E415_C4647CTRL/Q91XSWI3$ST$Pos$stVal,0:동작중1:열림2:닫힘3:비정상
E415_C4647CTRL/Q92XSWI4$ST$Pos$stVal,0:정지1:운전
E415_C4647CTRL/Q0CILO1$ST$EnaOpn$stVal,0:동작1:복귀
E415_C4647CTRL/Q0CILO1$ST$EnaCls$stVal,0:동작1:복귀
E415_C4647CTRL/Q1CILO2$ST$EnaOpn$stVal,0:동작1:복귀
E415_C4647CTRL/Q1CILO2$ST$EnaCls$stVal,0:동작1:복귀
E415_C4647CTRL/Q2CILO3$ST$EnaOpn$stVal,0:동작1:복귀
E415_C4647CTRL/Q2CILO3$ST$EnaCls$stVal,0:동작1:복귀
E415_C4647CTRL/Q91CILO4$ST$EnaOpn$stVal,0:동작1:복귀
E415_C4647CTRL/Q91CILO4$ST$EnaCls$stVal,0:동작1:복귀
E415_C4647CTRL/Q92CILO5$ST$EnaOpn$stVal,0:동작1:복귀
E415_C4647CTRL/Q92CILO5$ST$EnaCls$stVal,0:동작1:복귀
E415_C4647ALRM/PLCGGIO8$ST$Ind50$stVal,0:복귀1:동작
E415_C4647ALRM/PLCGGIO8$ST$Ind51$stVal,0:복귀1:동작
E415_C4647ALRM/PLCGGIO8$ST$Ind58$stVal,0:복귀1:동작
E415_C4647ALRM/PLCGGIO8$ST$Ind54$stVal,0:복귀1:동작
E415_C4647ALRM/PLCGGIO8$ST$Ind41$stVal,0:복귀1:동작
E415_C4647ALRM/PLCGGIO8$ST$Ind46$stVal,0:복귀1:동작
E415_C4647ALRM/PLCGGIO8$ST$Ind47$stVal,0:동작1:복귀
E415_C4647ALRM/PLCGGIO8$ST$Ind48$stVal,0:동작1:복귀
E415_C4647ALRM/Q0SIMG1$ST$DenAlm$stVal,0:복귀1:동작
E415_C4647ALRM/Q1SIMG3$ST$DenAlm$stVal,0:복귀1:동작
E415_C4647ALRM/Q2SIMG5$ST$DenAlm$stVal,0:열림1:닫힘
E415_C4647ALRM/GIS1SIMG9$ST$DenAlm$stVal,0:복귀1:동작
E415_C4647ALRM/GIS2SIMG10$ST$DenAlm$stVal,0:복귀1:동작
E415_SONAE_1CTRL/LPHD01$ST$PhyHealth$stVal,"0:비정상,1:정상"
E415_SONAE_1CTRL/LLN0$ST$Loc$stVal,"0:Remote,1:Local"
E415_SONAE_1CTRL/COMMGGIO01$ST$Ind$stVal,"0:비정상,1:정상"
E415_SONAE_1CTRL/COMMGGIO02$ST$Ind$stVal,"0:비정상,1:정상"
E415_SONAE_1CTRL/DIGGIO01$ST$Ind1$stVal,"0:정상,1:비정상"
E415_SONAE_1CTRL/DIGGIO01$ST$Ind2$stVal,"0:복귀,1:동작"
E415_SONAE_1CTRL/DIGGIO01$ST$Ind3$stVal,"0:복귀,1:동작"
E415_SONAE_1CTRL/DIGGIO01$ST$Ind4$stVal,"0:정지,1:운전"
E415_SONAE_1CTRL/DIGGIO01$ST$Ind5$stVal,"0:정지,1:운전"
E415_SONAE_1CTRL/DIGGIO01$ST$Ind6$stVal,"0:Manual,1:Auto"
E415_SONAE_1CTRL/DIGGIO01$ST$Ind7$stVal,"0:Remote,1:Local"
E415_SONAE_1CTRL/DIGGIO01$ST$Ind8$stVal,"0:비정상,1:정상"
E415_SONAE_1CTRL/DIGGIO01$ST$Ind9$stVal,"0:복귀,1:동작"
E415_SONAE_1CTRL/DIGGIO01$ST$Ind10$stVal,"0:비정상,1:정상"
E415_SONAE_1CTRL/DIGGIO01$ST$Ind11$stVal,"0:비정상,1:정상"
E415_SONAE_1CTRL/DIGGIO01$ST$Ind12$stVal,"0:비정상,1:정상"
E415_SONAE_1CTRL/DIGGIO01$ST$Ind13$stVal,"0:복귀,1:동작"
E415_SONAE_1CTRL/DIGGIO01$ST$Ind14$stVal,"0:복귀,1:동작"
E415_SONAE_1CTRL/DIGGIO01$ST$Ind15$stVal,"0:복귀,1:동작"
E415_SONAE_1CTRL/DIGGIO01$ST$Ind16$stVal,"0:복귀,1:동작"
E415_SONAE_1CTRL/DIGGIO01$ST$Ind17$stVal,"0:정지,1:운전"
E415_SONAE_1CTRL/DIGGIO01$ST$Ind18$stVal,"0:복귀,1:동작"
E415_SONAE_1CTRL/DIGGIO01$ST$Ind19$stVal,"0:복귀,1:동작"
E415_SONAE_1CTRL/DIGGIO01$ST$Ind20$stVal,"0:복귀,1:동작"
E415_SONAE_1CTRL/DIGGIO01$ST$Ind21$stVal,"0:복귀,1:동작"
E415_SONAE_1CTRL/DIGGIO01$ST$Ind22$stVal,"0:복귀,1:동작"
E415_SONAE_1CTRL/DIGGIO01$ST$Ind23$stVal,"0:복귀,1:동작"
E415_SONAE_1CTRL/DIGGIO01$ST$Ind24$stVal,"0:복귀,1:동작"
E415_SONAE_1CTRL/DIGGIO01$ST$Ind25$stVal,"0:복귀,1:동작"
E415_SONAE_1CTRL/DIGGIO01$ST$Ind26$stVal,"0:복귀,1:동작"
E415_SONAE_1CTRL/DIGGIO01$ST$Ind27$stVal,"0:복귀,1:동작"
E415_SONAE_1CTRL/DIGGIO01$ST$Ind28$stVal,"0:복귀,1:동작"
E415_SONAE_1CTRL/DIGGIO01$ST$Ind31$stVal,"0:수동,1:자동"
E415_SONAE_1CTRL/DIGGIO01$ST$Ind32$stVal,"0:복귀,1:동작"
E415_SONAE_1CTRL/DIGGIO01$ST$Ind33$stVal,"0:정지,1:운전"
E415_SONAE_1CTRL/DIGGIO01$ST$Ind34$stVal,"0:정지,1:연동"
E415_SONAE_1CTRL/DIGGIO01$ST$Ind35$stVal,"0:복귀,1:동작"
E415_SONAE_1CTRL/DIGGIO01$ST$Ind36$stVal,"0:복귀,1:동작"
E415_SONAE_1CTRL/DIGGIO01$ST$Ind37$stVal,"0:복귀,1:동작"
E415_SONAE_1CTRL/DIGGIO01$ST$Ind38$stVal,"0:복귀,1:동작"
E415_SONAE_1CTRL/DIGGIO01$ST$Ind39$stVal,"0:운전,1:정지"
E415_SONAE_1CTRL/DIGGIO01$ST$Ind40$stVal,"0:복귀,1:동작"
E415_SONAE_1CTRL/DIGGIO01$ST$Ind41$stVal,"0:복귀,1:동작"
E415_SONAE_1CTRL/DIGGIO01$ST$Ind42$stVal,"0:복귀,1:동작"
E415_SONAE_1CTRL/DIGGIO01$ST$Ind43$stVal,"0:복귀,1:동작"
E415_SONAE_1CTRL/DIGGIO01$ST$Ind44$stVal,"0:복귀,1:동작"
E415_SONAE_1CTRL/DIGGIO01$ST$Ind45$stVal,"0:복귀,1:동작"
E415_SONAE_1CTRL/DIGGIO01$ST$Ind46$stVal,"0:복귀,1:동작"
E415_SONAE_1CTRL/DIGGIO01$ST$Ind47$stVal,"0:복귀,1:동작"
E415_SONAE_1CTRL/DIGGIO01$ST$Ind48$stVal,"0:복귀,1:동작"
E415_SONAE_1CTRL/DIGGIO01$ST$Ind49$stVal,"0:복귀,1:동작"
E415_SONAE_1CTRL/DIGGIO01$ST$Ind50$stVal,"0:복귀,1:동작"
E415_SONAE_1CTRL/DIGGIO01$ST$Ind51$stVal,"0:복귀,1:동작"
E415_SONAE_1CTRL/DIGGIO01$ST$Ind52$stVal,"0:복귀,1:동작"
E415_SONAE_1CTRL/DIGGIO01$ST$Ind53$stVal,"0:복귀,1:동작"
E415_SONAE_1CTRL/DIGGIO01$ST$Ind54$stVal,"0:복귀,1:동작"
E415_SONAE_1CTRL/DIGGIO01$ST$Ind55$stVal,"0:복귀,1:동작"
E415_SONAE_1CTRL/DIGGIO01$ST$Ind56$stVal,"0:복귀,1:동작"
E415_SONAE_1CTRL/DIGGIO01$ST$Ind57$stVal,"0:복귀,1:동작"
E415_SONAE_1CTRL/DIGGIO01$ST$Ind58$stVal,"0:복귀,1:동작"
E415_SONAE_1CTRL/DIGGIO01$ST$Ind59$stVal,"0:OFF,1:ON"
E415_SONAE_1CTRL/DIGGIO01$ST$Ind61$stVal,"0:복귀,1:동작"
E415_SONAE_1CTRL/DIGGIO01$ST$Ind62$stVal,"0:복귀,1:동작"
E415_SONAE_1CTRL/DIGGIO01$ST$Ind63$stVal,"0:복귀,1:동작"
E415_SONAE_1CTRL/DIGGIO01$ST$Ind64$stVal,"0:복귀,1:동작"
E415_SONAE_1CTRL/DIGGIO01$ST$Ind65$stVal,"0:복귀,1:동작"
E415_SONAE_1CTRL/DIGGIO01$ST$Ind66$stVal,"0:복귀,1:동작"
E415_SONAE_1CTRL/DIGGIO01$ST$Ind67$stVal,"0:복귀,1:동작"
E415_SONAE_1CTRL/DIGGIO01$ST$Ind68$stVal,"0:복귀,1:동작"
E415_SONAE_1CTRL/DIGGIO01$ST$Ind69$stVal,"0:복귀,1:동작"
E415_SONAE_1CTRL/DIGGIO01$ST$Ind70$stVal,"0:복귀,1:동작"
E415_SONAE_1CTRL/DIGGIO01$ST$Ind71$stVal,"0:복귀,1:동작"
E415_SONAE_1CTRL/DIGGIO01$ST$Ind72$stVal,"0:복귀,1:동작"
E415_SONAE_1CTRL/DIGGIO01$ST$Ind73$stVal,"0:복귀,1:동작"
E415_SONAE_1CTRL/DIGGIO01$ST$Ind74$stVal,"0:복귀,1:동작"
E415_SONAE_1CTRL/DIGGIO01$ST$Ind75$stVal,"0:복귀,1:동작"
E415_SONAE_1CTRL/DIGGIO01$ST$Ind76$stVal,"0:복귀,1:동작"
E415_SONAE_2CTRL/LPHD01$ST$PhyHealth$stVal,"0:비정상,1:정상"
E415_SONAE_2CTRL/LLN0$ST$Loc$stVal,"0:Remote,1:Local"
E415_SONAE_2CTRL/COMMGGIO01$ST$Ind$stVal,"0:비정상,1:정상"
E415_SONAE_2CTRL/COMMGGIO02$ST$Ind$stVal,"0:비정상,1:정상"
E415_SONAE_2CTRL/DIGGIO01$ST$Ind1$stVal,"0:수동,1:자동"
E415_SONAE_2CTRL/DIGGIO01$ST$Ind2$stVal,"0:수동,1:자동"
E415_SONAE_2CTRL/DIGGIO01$ST$Ind3$stVal,"0:수동,1:자동"
E415_SONAE_2CTRL/DIGGIO01$ST$Ind4$stVal,"0:수동,1:자동"
E415_SONAE_2CTRL/DIGGIO01$ST$Ind5$stVal,"0:수동,1:자동"
E415_SONAE_2CTRL/DIGGIO01$ST$Ind6$stVal,"0:수동,1:자동"
E415_SONAE_2CTRL/DIGGIO01$ST$Ind7$stVal,"0:수동,1:자동"
E415_SONAE_2CTRL/DIGGIO01$ST$Ind8$stVal,"0:정지,1:운전"
E415_SONAE_2CTRL/DIGGIO01$ST$Ind9$stVal,"0:정지,1:운전"
E415_SONAE_2CTRL/DIGGIO01$ST$Ind10$stVal,"0:정지,1:운전"
E415_SONAE_2CTRL/DIGGIO01$ST$Ind11$stVal,"0:정지,1:운전"
E415_SONAE_2CTRL/DIGGIO01$ST$Ind12$stVal,"0:정지,1:운전"
E415_SONAE_2CTRL/DIGGIO01$ST$Ind13$stVal,"0:복귀,1:동작"
E415_SONAE_2CTRL/DIGGIO01$ST$Ind14$stVal,"0:복귀,1:동작"
E415_SONAE_2CTRL/DIGGIO01$ST$Ind15$stVal,"0:복귀,1:동작"
E415_SONAE_2CTRL/DIGGIO01$ST$Ind16$stVal,"0:복귀,1:동작"
E415_SONAE_2CTRL/DIGGIO01$ST$Ind17$stVal,"0:복귀,1:동작"
E415_SONAE_2CTRL/DIGGIO01$ST$Ind18$stVal,"0:복귀,1:동작"
E415_SONAE_2CTRL/DIGGIO01$ST$Ind19$stVal,"0:복귀,1:동작"
E415_SONAE_2CTRL/DIGGIO01$ST$Ind22$stVal,"0:OFF,1:ON"
E415_SONAE_2CTRL/DIGGIO01$ST$Ind23$stVal,"0:복귀,1:동작"
E415_SONAE_2CTRL/DIGGIO01$ST$Ind24$stVal,"0:복귀,1:동작"
E415_SONAE_2CTRL/DIGGIO01$ST$Ind25$stVal,"0:복귀,1:동작"
E415_SONAE_2CTRL/DIGGIO01$ST$Ind26$stVal,"0:복귀,1:동작"
E415_SONAE_2CTRL/DIGGIO01$ST$Ind27$stVal,"0:복귀,1:동작"
E415_SONAE_2CTRL/DIGGIO01$ST$Ind28$stVal,"0:복귀,1:동작"
E415_SONAE_2CTRL/DIGGIO01$ST$Ind29$stVal,"0:복귀,1:동작"
E415_SONAE_2CTRL/DIGGIO01$ST$Ind30$stVal,"0:복귀,1:동작"
E415_SONAE_2CTRL/DIGGIO01$ST$Ind31$stVal,"0:복귀,1:동작"
E415_SONAE_2CTRL/DIGGIO01$ST$Ind32$stVal,"0:복귀,1:동작"
E415_SONAE_2CTRL/DIGGIO01$ST$Ind33$stVal,"0:복귀,1:동작"
E415_SONAE_2CTRL/DIGGIO01$ST$Ind34$stVal,"0:복귀,1:동작"
E415_SONAE_2CTRL/DIGGIO01$ST$Ind35$stVal,"0:복귀,1:동작"
E415_SONAE_2CTRL/DIGGIO01$ST$Ind46$stVal,"0:정상,1:비정상"
E415_SONAE_2CTRL/DIGGIO01$ST$Ind59$stVal,"0:복귀,1:동작"
E415_SONAE_2CTRL/DIGGIO01$ST$Ind60$stVal,"0:복귀,1:동작"
E415_SONAE_2CTRL/DIGGIO01$ST$Ind61$stVal,"0:복귀,1:동작"
E415_SONAE_2CTRL/DIGGIO01$ST$Ind62$stVal,"0:복귀,1:동작"
E415_SONAE_2CTRL/DIGGIO01$ST$Ind63$stVal,"0:복귀,1:동작"
E415_SONAE_2CTRL/DIGGIO01$ST$Ind64$stVal,"0:복귀,1:동작"
E415_SONAE_2CTRL/DIGGIO01$ST$Ind65$stVal,"0:복귀,1:동작"
E415_SONAE_2CTRL/DIGGIO01$ST$Ind66$stVal,"0:복귀,1:동작"
E415_SONAE_2CTRL/DIGGIO01$ST$Ind67$stVal,"0:복귀,1:동작"
E415_SONAE_2CTRL/DIGGIO01$ST$Ind68$stVal,"0:복귀,1:동작"
